playerIndex,replayId,coName,userName
1,6433,Lin,Heroes
2,6433,Tabitha,Tee Lord
1,6428,Will,Chan ' tcho
2,6428,Grat,Ritmo
1,6425,Brenner,SSAO
2,6425,Will,TMQs
1,6424,Isabella,SSAO
2,6424,Hawk,Chopstix
1,6422,Caulder,ePiiC PaNiiC
2,6422,Hawk,Chopstix
1,6420,Tabitha,Nanao
2,6420,Will,PhantomFullForce
1,6419,Isabella,Getaway Driver
2,6419,Gage,rook
1,6415,Grat,rook
2,6415,Mira,Nanao
1,6414,Will,Mini Nini
2,6414,Hawk,Chopstix
1,6412,Mira,TMQs
2,6412,Hawk,Chopstix
1,6410,Penny,Getaway Driver
2,6410,Tabitha,Nanao
1,6409,Tabitha,Nanao
2,6409,Tasha,Getaway Driver
1,6408,Waylon,Nanao
2,6408,Will,Chopstix
1,6407,Forsythe,Wrek
2,6407,Brenner,Barondoctor
1,6403,Waylon,Draco
2,6403,Tinker,Abreu
1,6402,Penny,DM11
2,6402,Brenner,Draco
1,6394,Lin,Heroes
2,6394,Hawk,Ndrangheta'
1,6390,Lin,Heroes
2,6390,Hawk,Chopstix
1,6389,Lin,Heroes
2,6389,Tinker,Mike Zack
1,6386,Penny,Nanao
2,6386,Will,Lordofcold
1,6385,Lin,Chopstix
2,6385,Lin,BWAVE
1,6378,Waylon,Ndrangheta'
2,6378,Mira,Mini Nini
1,6374,Lin,Lordofcold
2,6374,Grat,SparkFox
1,6372,Hawk,Ritmo
2,6372,Penny,SparkFox
1,6370,Brenner,SSAO
2,6370,Brenner,Ritmo
1,6369,Forsythe,Ndrangheta'
2,6369,Forsythe,Draco
1,6366,Penny,DM11
2,6366,Grat,Mini Nini
1,6365,Tinker,Jonathan2357
2,6365,Forsythe,Deremius
1,6364,Caulder,PhantomFullForce
2,6364,Brenner,Ndrangheta'
1,6363,Hawk,Chopstix
2,6363,Hawk,Tee Lord
1,6362,Grat,SparkFox
2,6362,Penny,BusterBeachside
1,6357,Lin,Lolom
2,6357,Waylon,Tee Lord
1,6356,Lin,Heroes
2,6356,Tinker,Mike Zack
1,6354,Hawk,Mini Nini
2,6354,Hawk,Lordofcold
1,6353,Will,sarastro
2,6353,Zhaotiantong,Plague
1,6351,Penny,Nanao
2,6351,Lee,SparkFox
1,6350,Zhaotiantong,GM667_
2,6350,Isabella,BWAVE
1,6348,Caulder,Draco
2,6348,Mira,Chopstix
1,6347,Hawk,Chopstix
2,6347,Lin,Heroes
1,6346,Waylon,TMQs
2,6346,Hawk,Ndrangheta'
1,6345,Will,Wrek
2,6345,Lin,Heroes
1,6342,Gage,GM667_
2,6342,Lin,Chan ' tcho
1,6341,Lin,Heroes
2,6341,Brenner,Chopstix
1,6340,Hawk,Chopstix
2,6340,Zhaotiantong,BWAVE
1,6338,Isabella,Mini Nini
2,6338,Isabella,Lordofcold
1,6336,Brenner,ePiiC PaNiiC
2,6336,Lee,DM11
1,6334,Forsythe,PhantomFullForce
2,6334,Zhaotiantong,Mini Nini
1,6333,Isabella,PhantomFullForce
2,6333,Isabella,Mini Nini
1,6332,Isabella,PhantomFullForce
2,6332,Hawk,Chopstix
1,6329,Hawk,Chopstix
2,6329,Hawk,Tee Lord
1,6327,Lin,Heroes
2,6327,Hawk,Getaway Driver
1,6325,Tabitha,Nanao
2,6325,Lin,Heroes
1,6324,Penny,Frodoor
2,6324,Penny,Nanao
1,6322,Gage,Mini Nini
2,6322,Grat,Ndrangheta'
1,6321,Lin,Heroes
2,6321,Brenner,Ritmo
1,6317,Will,GM667_
2,6317,Tinker,Mike Zack
1,6309,Hawk,Lordofcold
2,6309,Hawk,Mini Nini
1,6306,Isabella,Lordofcold
2,6306,Brenner,Ritmo
1,6304,Brenner,Ritmo
2,6304,Brenner,Getaway Driver
1,6300,Hawk,Chopstix
2,6300,Lin,Heroes
1,6299,Waylon,Heroes
2,6299,Hawk,Chopstix
1,6295,Tabitha,NotGosst
2,6295,Caulder,CaioSantso
1,6292,Waylon,Lolom
2,6292,Lin,Heroes
1,6287,Gage,TMQs
2,6287,Caulder,Lordofcold
1,6286,Tabitha,Tee Lord
2,6286,Tinker,Mike Zack
1,6285,Will,PhantomFullForce
2,6285,Lin,Nanao
1,6284,Forsythe,Chan ' tcho
2,6284,Lin,Heroes
1,6283,Will,sarastro
2,6283,Lin,Frodoor
1,6282,Brenner,ePiiC PaNiiC
2,6282,Brenner,Ndrangheta'
1,6280,Brenner,Ritmo
2,6280,Brenner,PhantomFullForce
1,6279,Lee,Mini Nini
2,6279,Isabella,Ritmo
1,6278,Hawk,Chopstix
2,6278,Will,Airmaster
1,6277,Lin,Abreu
2,6277,Tabitha,BWAVE
1,6276,Forsythe,Heroes
2,6276,Brenner,PhantomFullForce
1,6270,Tabitha,Tayufa
2,6270,Lin,PhantomFullForce
1,6268,Lin,Heroes
2,6268,Lin,PhantomFullForce
1,6266,Lin,Heroes
2,6266,Tabitha,Nanao
1,6265,Tabitha,Wrek
2,6265,Lin,Heroes
1,6264,Hawk,Ritmo
2,6264,Caulder,Deremius
1,6263,Hawk,Chopstix
2,6263,Isabella,BusterBeachside
1,6259,Tabitha,Nanao
2,6259,Lin,Heroes
1,6258,Tinker,Mike Zack
2,6258,Tabitha,Tee Lord
1,6257,Tabitha,Nanao
2,6257,Lin,Heroes
1,6255,Tabitha,Nanao
2,6255,Mira,Deremius
1,6254,Lin,Nanao
2,6254,Will,Deremius
1,6252,Tabitha,Mini Nini
2,6252,Tabitha,Ndrangheta'
1,6249,Caulder,Mini Nini
2,6249,Caulder,Rush_FTK
1,6248,Caulder,Nanao
2,6248,Caulder,Chopstix
1,6244,Penny,Sliicer
2,6244,Forsythe,zhaotiantong
1,6243,Penny,Sliicer
2,6243,Lin,Frodoor
1,6242,Isabella,HoshiNoKoe13
2,6242,Caulder,PhantomFullForce
1,6241,Forsythe,zhaotiantong
2,6241,Isabella,Mini Nini
1,6238,Lin,ePiiC PaNiiC
2,6238,Lin,Nanao
1,6236,Will,Nanao
2,6236,Lin,Heroes
1,6235,Lin,Heroes
2,6235,Penny,Nanao
1,6234,Brenner,Barondoctor
2,6234,Forsythe,HoshiNoKoe13
1,6233,Lin,Barondoctor
2,6233,Lin,AdvanceWarrior
1,6232,Brenner,Ritmo
2,6232,Lin,Heroes
1,6230,Grat,Ritmo
2,6230,Hawk,Ndrangheta'
1,6229,Lin,Heroes
2,6229,Brenner,SSAO
1,6226,Zhaotiantong,Tee Lord
2,6226,Isabella,Mini Nini
1,6224,Caulder,PhantomFullForce
2,6224,Caulder,Mini Nini
1,6223,Will,PhantomFullForce
2,6223,Brenner,Barondoctor
1,6220,Penny,Lolom
2,6220,Tasha,TMQs
1,6213,Tabitha,Nanao
2,6213,Greyfield,PhantomFullForce
1,6211,Brenner,Azohn
2,6211,Brenner,TheMuffins
1,6210,Tabitha,HoshiNoKoe13
2,6210,Brenner,BWAVE
1,6207,Brenner,PhantomFullForce
2,6207,Caulder,Chopstix
1,6206,Hawk,HoshiNoKoe13
2,6206,Caulder,Draco
1,6204,Tinker,Mini Nini
2,6204,Penny,DM11
1,6203,Lin,Heroes
2,6203,Will,Lordofcold
1,6202,Brenner,SSAO
2,6202,Brenner,TheMuffins
1,6200,Penny,Getaway Driver
2,6200,Tabitha,Jonathan2357
1,6197,Lin,SSAO
2,6197,Tabitha,Tee Lord
1,6194,Hawk,Chopstix
2,6194,Lin,Heroes
1,6192,Brenner,TheMuffins
2,6192,Isabella,SparkFox
1,6190,Lin,Heroes
2,6190,Hawk,Chopstix
1,6187,Penny,SparkFox
2,6187,Tinker,Ndrangheta'
1,6185,Hawk,Nanao
2,6185,Hawk,Chopstix
1,6184,Tinker,TMQs
2,6184,Isabella,Chopstix
1,6183,Lee,Average__Joe
2,6183,Lin,Lordofcold
1,6181,Hawk,Lolom
2,6181,Will,Heroes
1,6180,Tabitha,BWAVE
2,6180,Tabitha,Tee Lord
1,6179,Will,不是icy
2,6179,Tabitha,Nanao
1,6178,Hawk,Tee Lord
2,6178,Lee,SparkFox
1,6177,Waylon,Draco
2,6177,Penny,Tee Lord
1,6175,Penny,Tee Lord
2,6175,Hawk,Ritmo
1,6173,Forsythe,不是icy
2,6173,Tabitha,Rush_FTK
1,6171,Mira,BWAVE
2,6171,Hawk,Ritmo
1,6169,Lin,Heroes
2,6169,Zhaotiantong,BWAVE
1,6166,Caulder,Chopstix
2,6166,Lin,Wrek
1,6164,Will,Nanao
2,6164,Lee,Lolom
1,6162,Lin,Heroes
2,6162,Tabitha,Nanao
1,6157,Lin,Heroes
2,6157,Tabitha,Tee Lord
1,6156,Lin,Mike Zack
2,6156,Will,Getaway Driver
1,6155,Forsythe,Deremius
2,6155,Tabitha,Nanao
1,6154,Tabitha,BWAVE
2,6154,Forsythe,Deremius
1,6153,Hawk,Chopstix
2,6153,Isabella,Tayufa
1,6151,Hawk,Chopstix
2,6151,Brenner,Ritmo
1,6149,Will,Wrek
2,6149,Tabitha,Nanao
1,6148,Hawk,Rush_FTK
2,6148,Gage,BWAVE
1,6144,Grat,SparkFox
2,6144,Penny,BusterBeachside
1,6143,Waylon,HoshiNoKoe13
2,6143,Penny,BusterBeachside
1,6142,Caulder,Mini Nini
2,6142,Forsythe,Frodoor
1,6141,Hawk,SSAO
2,6141,Penny,Lolom
1,6139,Grat,TMQs
2,6139,Caulder,Ndrangheta'
1,6138,Tinker,Ndrangheta'
2,6138,Gage,ePiiC PaNiiC
1,6137,Tinker,Mini Nini
2,6137,Forsythe,magicalpuffin
1,6134,Greyfield,Getaway Driver
2,6134,Brenner,TheMuffins
1,6132,Tabitha,HoshiNoKoe13
2,6132,Tabitha,TheManCalledBen
1,6129,Lin,Heroes
2,6129,Brenner,Chopstix
1,6128,Penny,DC290
2,6128,Zhaotiantong,Mike Zack
1,6127,Lee,Nanao
2,6127,Grat,Deremius
1,6126,Mira,SparkFox
2,6126,Will,Average__Joe
1,6124,Forsythe,Lolom
2,6124,Forsythe,Chopstix
1,6122,Will,Chopstix
2,6122,Brenner,Wrek
1,6120,Lin,Kurau
2,6120,Will,Airmaster
1,6119,Isabella,BWAVE
2,6119,Isabella,Ndrangheta'
1,6118,Penny,Tee Lord
2,6118,Lin,PhantomFullForce
1,6117,Lin,Lolom
2,6117,Tabitha,Airmaster
1,6116,Isabella,BWAVE
2,6116,Isabella,PhantomFullForce
1,6115,Brenner,Heroes
2,6115,Brenner,GM667_
1,6111,Brenner,SSAO
2,6111,Hawk,Chopstix
1,6109,Lee,Mini Nini
2,6109,Isabella,TheManCalledBen
1,6107,Waylon,Heroes
2,6107,Tabitha,Nanao
1,6106,Brenner,Barondoctor
2,6106,Lin,Heroes
1,6102,Brenner,SSAO
2,6102,Brenner,IDSSleeperAgent
1,6101,Brenner,Heroes
2,6101,Zhaotiantong,Airmaster
1,6099,Penny,Sliicer
2,6099,Lin,Ritmo
1,6097,Penny,Heroes
2,6097,Will,Wrek
1,6096,Lin,GM667_
2,6096,Gage,SparkFox
1,6094,Tabitha,TMQs
2,6094,Isabella,TheManCalledBen
1,6091,Isabella,BWAVE
2,6091,Caulder,Frodoor
1,6090,Lin,Plague
2,6090,Caulder,Average__Joe
1,6087,Forsythe,Kurau
2,6087,Brenner,Barondoctor
1,6083,Brenner,SSAO
2,6083,Brenner,Ritmo
1,6081,Mira,Lolom
2,6081,Forsythe,Barondoctor
1,6080,Forsythe,BWAVE
2,6080,Isabella,PhantomFullForce
1,6079,Brenner,TheMuffins
2,6079,Will,Lordofcold
1,6077,Penny,Frodoor
2,6077,Waylon,Draco
1,6076,Mira,Ritmo
2,6076,Caulder,HoshiNoKoe13
1,6075,Tinker,Mini Nini
2,6075,Tabitha,BleakHorizon
1,6074,Isabella,Airmaster
2,6074,Greyfield,HoshiNoKoe13
1,6070,Waylon,Draco
2,6070,Zhaotiantong,starcutter
1,6069,Penny,OlstaSmash
2,6069,Forsythe,Mike Zack
1,6068,Lee,Justgabi
2,6068,Lin,Airmaster
1,6067,Lin,Heroes
2,6067,Hawk,Chopstix
1,6066,Brenner,TheMuffins
2,6066,Brenner,Chopstix
1,6065,Caulder,HoshiNoKoe13
2,6065,Caulder,Draco
1,6063,Waylon,Justgabi
2,6063,Tabitha,Lolom
1,6062,Brenner,Chopstix
2,6062,Lee,Justgabi
1,6060,Lin,Chopstix
2,6060,Lin,Heroes
1,6058,Greyfield,Chopstix
2,6058,Hawk,Tee Lord
1,6057,Tabitha,Justgabi
2,6057,Brenner,Lolom
1,6056,Gage,Chan ' tcho
2,6056,Lin,Heroes
1,6055,Brenner,Heroes
2,6055,Tabitha,Justgabi
1,6054,Brenner,DM11
2,6054,Brenner,PhantomFullForce
1,6053,Forsythe,PhantomFullForce
2,6053,Tabitha,Nanao
1,6051,Grat,Nanao
2,6051,Penny,DC290
1,6048,Tabitha,Nanao
2,6048,Will,Heroes
1,6047,Greyfield,Chopstix
2,6047,Penny,Lolom
1,6044,Isabella,BWAVE
2,6044,Hawk,Chopstix
1,6043,Lin,BWAVE
2,6043,Forsythe,Ritmo
1,6041,Forsythe,不是icy
2,6041,Zhaotiantong,BWAVE
1,6040,Brenner,TheMuffins
2,6040,Isabella,Ritmo
1,6039,Brenner,BWAVE
2,6039,Caulder,PhantomFullForce
1,6038,Brenner,Mike Zack
2,6038,Lin,Ritmo
1,6036,Zhaotiantong,Mini Nini
2,6036,Lin,Abreu
1,6035,Brenner,DM11
2,6035,Lin,Abreu
1,6033,Caulder,CuntSlayer
2,6033,Brenner,Ritmo
1,6032,Forsythe,Airmaster
2,6032,Brenner,Zari
1,6031,Penny,Sliicer
2,6031,Tabitha,PhantomFullForce
1,6030,Forsythe,PhantomFullForce
2,6030,Hawk,Ndrangheta'
1,6028,Tabitha,Nanao
2,6028,Tabitha,Azohn
1,6027,Forsythe,BWAVE
2,6027,Brenner,SSAO
1,6025,Brenner,Heroes
2,6025,Brenner,SSAO
1,6024,Tabitha,BWAVE
2,6024,Caulder,Deremius
1,6022,Lin,Heroes
2,6022,Hawk,Ritmo
1,6021,Greyfield,Chopstix
2,6021,Brenner,Azohn
1,6020,Forsythe,Lordofcold
2,6020,Tinker,Mini Nini
1,6019,Lin,Lordofcold
2,6019,Brenner,Mini Nini
1,6018,Lee,DM11
2,6018,Zhaotiantong,Mini Nini
1,6017,Penny,Plague
2,6017,Gage,Mini Nini
1,6014,Penny,SparkFox
2,6014,Tabitha,Nanao
1,6012,Brenner,ePiiC PaNiiC
2,6012,Hawk,GM667_
1,6011,Caulder,Draco
2,6011,Caulder,PhantomFullForce
1,6010,Waylon,Heroes
2,6010,Zhaotiantong,GM667_
1,6009,Tinker,Mike Zack
2,6009,Lin,Heroes
1,6008,Brenner,Barondoctor
2,6008,Tinker,Chan ' tcho
1,6005,Hawk,Tee Lord
2,6005,Brenner,SSAO
1,6004,Hawk,Tee Lord
2,6004,Isabella,Ritmo
1,6003,Tabitha,BWAVE
2,6003,Hawk,Tee Lord
1,6002,Mira,Airmaster
2,6002,Forsythe,Ritmo
1,6000,Hawk,Chopstix
2,6000,Brenner,NeroZonbolt
1,5997,Will,Chopstix
2,5997,Brenner,Azohn
1,5996,Tabitha,BWAVE
2,5996,Forsythe,SparkFox
1,5995,Mira,GM667_
2,5995,Will,Ndrangheta'
1,5994,Forsythe,HoshiNoKoe13
2,5994,Will,DM11
1,5992,Lee,Chan ' tcho
2,5992,Mira,GM667_
1,5991,Gage,Heroes
2,5991,Hawk,Tee Lord
1,5990,Tabitha,Nanao
2,5990,Tinker,Mike Zack
1,5987,Gage,Nanao
2,5987,Grat,Chopstix
1,5986,Brenner,Lolom
2,5986,Lin,Getaway Driver
1,5984,Forsythe,BWAVE
2,5984,Hawk,Chopstix
1,5983,Forsythe,PhantomFullForce
2,5983,Penny,TheManCalledBen
1,5982,Caulder,Lolom
2,5982,Brenner,TheMuffins
1,5981,Tabitha,Ritmo
2,5981,Lin,Chan ' tcho
1,5980,Tasha,TheMuffins
2,5980,Isabella,Nanao
1,5978,Forsythe,Mini Nini
2,5978,Lin,Plague
1,5977,Lin,Plague
2,5977,Tabitha,BWAVE
1,5976,Tabitha,Tee Lord
2,5976,Gage,PhantomFullForce
1,5975,Tabitha,PhantomFullForce
2,5975,Tabitha,BWAVE
1,5973,Caulder,HoshiNoKoe13
2,5973,Forsythe,Lordofcold
1,5972,Forsythe,BWAVE
2,5972,Zhaotiantong,Mini Nini
1,5971,Lin,Lordofcold
2,5971,Lin,Plague
1,5969,Tabitha,BWAVE
2,5969,Tabitha,HoshiNoKoe13
1,5968,Brenner,Chopstix
2,5968,Brenner,TheMuffins
1,5967,Grat,Chopstix
2,5967,Will,PhantomFullForce
1,5966,Hawk,Chopstix
2,5966,Lin,Heroes
1,5964,Brenner,Lolom
2,5964,Brenner,Heroes
1,5962,Brenner,Heroes
2,5962,Brenner,SSAO
1,5960,Hawk,Tee Lord
2,5960,Lin,Chopstix
1,5958,Zhaotiantong,Tee Lord
2,5958,Isabella,TheManCalledBen
1,5956,Hawk,Chopstix
2,5956,Penny,BusterBeachside
1,5954,Tabitha,SparkFox
2,5954,Tabitha,Nanao
1,5951,Tabitha,BWAVE
2,5951,Isabella,Nanao
1,5950,Lin,ePiiC PaNiiC
2,5950,Forsythe,Ndrangheta'
1,5947,Gage,PhantomFullForce
2,5947,Brenner,TheMuffins
1,5946,Forsythe,PhantomFullForce
2,5946,Lee,Lolom
1,5945,Hawk,BWAVE
2,5945,Lin,Tayufa
1,5944,Mira,TMQs
2,5944,Zhaotiantong,Nanao
1,5943,Tinker,Nanao
2,5943,Waylon,PhantomFullForce
1,5942,Zhaotiantong,BWAVE
2,5942,Forsythe,PhantomFullForce
1,5939,Brenner,Barondoctor
2,5939,Brenner,ePiiC PaNiiC
1,5937,Forsythe,DM11
2,5937,Hawk,Plague
1,5936,Gage,SparkFox
2,5936,Tabitha,Nanao
1,5934,Lin,TMQs
2,5934,Forsythe,Ndrangheta'
1,5932,Will,Heroes
2,5932,Lin,SneakyK
1,5930,Zhaotiantong,Mini Nini
2,5930,Forsythe,PhantomFullForce
1,5928,Forsythe,PhantomFullForce
2,5928,Greyfield,BleakHorizon
1,5926,Tabitha,BWAVE
2,5926,Penny,Sliicer
1,5925,Hawk,Chopstix
2,5925,Isabella,Nanao
1,5924,Caulder,PhantomFullForce
2,5924,Hawk,Chopstix
1,5923,Brenner,TheMuffins
2,5923,Penny,Getaway Driver
1,5922,Brenner,Chopstix
2,5922,Lin,Wrek
1,5919,Brenner,Barondoctor
2,5919,Tabitha,Lolom
1,5917,Isabella,Nonova
2,5917,Isabella,NocturnalRaven
1,5915,Grat,BWAVE
2,5915,Zhaotiantong,Ndrangheta'
1,5911,Tabitha,Draco
2,5911,Tabitha,Chopstix
1,5908,Forsythe,TheMuffins
2,5908,Gage,GM667_
1,5907,Isabella,HoshiNoKoe13
2,5907,Caulder,Draco
1,5902,Forsythe,Kurau
2,5902,Tasha,fethidz27
1,5900,Hawk,BWAVE
2,5900,Penny,Ndrangheta'
1,5899,Isabella,fethidz27
2,5899,Isabella,Airmaster
1,5896,Hawk,Deremius
2,5896,Tabitha,BWAVE
1,5895,Tabitha,PhantomFullForce
2,5895,(No CO),joebrooklyn39
1,5894,Lin,SparkFox
2,5894,Penny,joebrooklyn39
1,5891,Grat,Ritmo
2,5891,Brenner,Heroes
1,5887,Forsythe,TheMuffins
2,5887,Lin,Ritmo
1,5885,Lin,Chopstix
2,5885,Brenner,Ritmo
1,5882,Hawk,Chopstix
2,5882,Forsythe,Ritmo
1,5877,Caulder,Draco
2,5877,Tabitha,HoshiNoKoe13
1,5875,Penny,Nanao
2,5875,Penny,BusterBeachside
1,5871,Greyfield,fethidz27
2,5871,Mira,Lolom
1,5869,Tabitha,Tee Lord
2,5869,Brenner,fethidz27
1,5863,Brenner,Azohn
2,5863,Waylon,Heroes
1,5862,Forsythe,TheMuffins
2,5862,Greyfield,fethidz27
1,5861,Tinker,Airmaster
2,5861,Brenner,PhantomFullForce
1,5860,Brenner,TheMuffins
2,5860,Isabella,Heroes
1,5859,Tabitha,Mike Zack
2,5859,Tasha,fethidz27
1,5857,Caulder,Draco
2,5857,Caulder,Chopstix
1,5856,Tabitha,Nanao
2,5856,Lin,Chopstix
1,5855,Forsythe,PhantomFullForce
2,5855,Brenner,Barondoctor
1,5853,Tabitha,BWAVE
2,5853,Tabitha,Nanao
1,5847,Brenner,Barondoctor
2,5847,Brenner,PhantomFullForce
1,5845,Caulder,Lolom
2,5845,Caulder,SneakyK
1,5843,Hawk,Tee Lord
2,5843,Brenner,Ritmo
1,5842,Forsythe,PhantomFullForce
2,5842,Hawk,ePiiC PaNiiC
1,5840,Gage,Abreu
2,5840,Tabitha,BWAVE
1,5839,Lee,SparkFox
2,5839,Greyfield,Plague
1,5838,Tabitha,Tee Lord
2,5838,Brenner,Chopstix
1,5837,Mira,TMQs
2,5837,Hawk,Chopstix
1,5836,Brenner,BWAVE
2,5836,Will,PhantomFullForce
1,5835,Will,Heroes
2,5835,Brenner,Barondoctor
1,5834,Mira,Barondoctor
2,5834,Tabitha,SparkFox
1,5833,Zhaotiantong,Deremius
2,5833,Zhaotiantong,Nanao
1,5831,Brenner,TheMuffins
2,5831,Caulder,Chopstix
1,5829,Hawk,Tee Lord
2,5829,Tabitha,Lolom
1,5827,Tabitha,Chopstix
2,5827,Brenner,Heroes
1,5826,Forsythe,TheMuffins
2,5826,Isabella,BWAVE
1,5825,Will,NocturnalRaven
2,5825,Penny,Ndrangheta'
1,5824,Brenner,TheMuffins
2,5824,Penny,Lolom
1,5822,Penny,HoshiNoKoe13
2,5822,Will,Lordofcold
1,5821,Hawk,Chopstix
2,5821,Hawk,Tee Lord
1,5820,Lin,Heroes
2,5820,Hawk,Tee Lord
1,5818,Brenner,Chopstix
2,5818,Tabitha,Tee Lord
1,5813,Tabitha,ePiiC PaNiiC
2,5813,Waylon,Barondoctor
1,5810,Gage,NocturnalRaven
2,5810,Waylon,Draco
1,5807,Hawk,Chopstix
2,5807,Penny,Frodoor
1,5805,Lin,Abreu
2,5805,Hawk,Chopstix
1,5803,Penny,Heroes
2,5803,Lin,GM667_
1,5802,Lin,GM667_
2,5802,Hawk,Ndrangheta'
1,5801,Tabitha,HoshiNoKoe13
2,5801,Penny,Sliicer
1,5799,Will,Average__Joe
2,5799,Forsythe,Lordofcold
1,5795,Penny,Lolom
2,5795,Tasha,SparkFox
1,5794,(No CO),fethidz27
2,5794,Lee,Lolom
1,5792,Lee,Heroes
2,5792,Hawk,Tee Lord
1,5789,Lin,Ritmo
2,5789,Tasha,fethidz27
1,5788,Isabella,Mike Zack
2,5788,Mira,Ritmo
1,5787,Grat,TMQs
2,5787,Penny,Chan ' tcho
1,5784,Waylon,Heroes
2,5784,Brenner,Chopstix
1,5783,Brenner,PhantomFullForce
2,5783,Grat,BWAVE
1,5782,Brenner,Heroes
2,5782,Hawk,Chopstix
1,5780,Waylon,Draco
2,5780,Tabitha,chichote
1,5779,Forsythe,TheMuffins
2,5779,Caulder,Lolom
1,5778,Lin,fethidz27
2,5778,Mira,Chan ' tcho
1,5776,Hawk,Tee Lord
2,5776,Grat,Mike Zack
1,5774,Grat,GM667_
2,5774,Tabitha,Nanao
1,5773,Tabitha,Nanao
2,5773,Will,Chopstix
1,5772,Penny,chichote
2,5772,Will,SparkFox
1,5770,Lin,SparkFox
2,5770,Mira,Barondoctor
1,5767,Will,Chopstix
2,5767,Penny,Nanao
1,5765,Lee,Lolom
2,5765,Forsythe,Ritmo
1,5764,Mira,Chopstix
2,5764,Penny,Sliicer
1,5763,Penny,Sliicer
2,5763,Lee,Nonova
1,5760,Tabitha,chichote
2,5760,Will,Heroes
1,5759,Tabitha,chichote
2,5759,Will,Chan ' tcho
1,5758,Brenner,Heroes
2,5758,Brenner,Mike Zack
1,5757,Gage,Mike Zack
2,5757,Forsythe,TheMuffins
1,5756,Hawk,Chopstix
2,5756,Will,Ritmo
1,5755,Lee,Ritmo
2,5755,Hawk,Chopstix
1,5753,Tasha,Nanao
2,5753,Grat,SparkFox
1,5751,Lee,Lolom
2,5751,Hawk,Chopstix
1,5748,Zhaotiantong,CuntSlayer
2,5748,Will,Heroes
1,5747,Will,SneakyK
2,5747,Brenner,Chopstix
1,5745,Hawk,Chopstix
2,5745,Will,Heroes
1,5741,Tinker,Mike Zack
2,5741,Tinker,Nanao
1,5738,Hawk,Adnavacake
2,5738,Hawk,Deremius
1,5735,Hawk,Ritmo
2,5735,Lin,Heroes
1,5733,Lin,Abreu
2,5733,Brenner,Lordofcold
1,5731,Isabella,Mike Zack
2,5731,Hawk,Chopstix
1,5726,Lin,Lordofcold
2,5726,Penny,Average__Joe
1,5725,Will,SneakyK
2,5725,Hawk,Chopstix
1,5723,Tabitha,Lolom
2,5723,Penny,Nanao
1,5722,Hawk,Mike Zack
2,5722,Lee,Lolom
1,5719,Gage,PhantomFullForce
2,5719,Penny,Sliicer
1,5718,Tinker,Ndrangheta'
2,5718,Isabella,ePiiC PaNiiC
1,5717,Lee,Ritmo
2,5717,Will,Heroes
1,5714,Hawk,Chopstix
2,5714,Brenner,Ritmo
1,5713,Will,Airmaster
2,5713,Brenner,HoshiNoKoe13
1,5710,Grat,fethidz27
2,5710,Hawk,Chopstix
1,5709,Forsythe,fethidz27
2,5709,Hawk,Mike Zack
1,5708,Gage,Tee Lord
2,5708,Tinker,Mike Zack
1,5707,Brenner,Nonova
2,5707,Grat,Chopstix
1,5706,Hawk,Chopstix
2,5706,Gage,fethidz27
1,5704,Isabella,Mike Zack
2,5704,Lin,Chopstix
1,5700,Will,Heroes
2,5700,Hawk,Chopstix
1,5698,Hawk,Heroes
2,5698,Hawk,Nonova
1,5697,Waylon,sarastro
2,5697,Lin,Plague
1,5696,Brenner,PhantomFullForce
2,5696,Hawk,Chopstix
1,5695,Tabitha,Nanao
2,5695,Tabitha,Chopstix
1,5694,Lin,Abreu
2,5694,Hawk,Chopstix
1,5692,Caulder,Heroes
2,5692,Caulder,CuntSlayer
1,5689,Tabitha,BWAVE
2,5689,Waylon,Draco
1,5686,Tasha,Tayufa
2,5686,Lee,Pit89
1,5682,Tabitha,BWAVE
2,5682,Tabitha,Nanao
1,5678,Penny,Tayufa
2,5678,Forsythe,PhantomFullForce
1,5676,Tabitha,Tee Lord
2,5676,Hawk,Chopstix
1,5672,Tinker,Mike Zack
2,5672,Penny,Nanao
1,5669,Tinker,Mike Zack
2,5669,Tinker,Lolom
1,5666,Penny,joebrooklyn39
2,5666,Hawk,TheManCalledBen
1,5665,Waylon,joebrooklyn39
2,5665,Gage,Nanao
1,5664,Penny,SparkFox
2,5664,Hawk,joebrooklyn39
1,5663,Penny,joebrooklyn39
2,5663,Isabella,TheMuffins
1,5662,Penny,HoshiNoKoe13
2,5662,Mira,Nanao
1,5657,Lee,Nanao
2,5657,Lee,Deremius
1,5656,Penny,Getaway Driver
2,5656,Forsythe,Mike Zack
1,5654,Hawk,Lolom
2,5654,Isabella,HoshiNoKoe13
1,5653,Hawk,Tee Lord
2,5653,Lee,Mike Zack
1,5652,Brenner,PhantomFullForce
2,5652,Brenner,TheMuffins
1,5651,Hawk,Chopstix
2,5651,Isabella,Mike Zack
1,5650,Greyfield,Lolom
2,5650,Penny,Sliicer
1,5648,Mira,BWAVE
2,5648,Will,Feda
1,5647,Forsythe,BWAVE
2,5647,Will,PhantomFullForce
1,5646,Forsythe,PhantomFullForce
2,5646,Brenner,BWAVE
1,5645,Forsythe,Ndrangheta'
2,5645,Forsythe,TMQs
1,5643,Caulder,Mike Zack
2,5643,Lin,Airmaster
1,5639,Brenner,Abreu
2,5639,Tabitha,Lolom
1,5637,Brenner,TheMuffins
2,5637,Tabitha,BWAVE
1,5632,Brenner,ePiiC PaNiiC
2,5632,Gage,PhantomFullForce
1,5631,Tabitha,Nanao
2,5631,Tabitha,SSAO
1,5630,Lin,Plague
2,5630,Lin,Lordofcold
1,5628,Tabitha,BWAVE
2,5628,Gage,Airmaster
1,5625,Lee,Feda
2,5625,Grat,joebrooklyn39
1,5624,Grat,SparkFox
2,5624,Tabitha,Lolom
1,5622,Tabitha,Nanao
2,5622,Will,Chopstix
1,5620,Brenner,TheManCalledBen
2,5620,Lin,Feda
1,5617,Tabitha,Nanao
2,5617,Tabitha,Chopstix
1,5614,Tabitha,chichote
2,5614,Waylon,Chan ' tcho
1,5613,Waylon,TMQs
2,5613,Brenner,Chan ' tcho
1,5612,Gage,PhantomFullForce
2,5612,Brenner,Dyslexic Lizard
1,5611,Tabitha,Chan ' tcho
2,5611,Brenner,Barondoctor
1,5610,Brenner,Chopstix
2,5610,(No CO),TheMuffins
1,5606,Lin,Barondoctor
2,5606,Tabitha,ePiiC PaNiiC
1,5603,Waylon,Draco
2,5603,Tabitha,HoshiNoKoe13
1,5602,Brenner,Chopstix
2,5602,Brenner,IDSSleeperAgent
1,5601,Forsythe,IDSSleeperAgent
2,5601,Hawk,Chopstix
1,5598,Zhaotiantong,Lolom
2,5598,Hawk,GM667_
1,5597,Will,Heroes
2,5597,Grat,GM667_
1,5596,Brenner,TheMuffins
2,5596,Brenner,GM667_
1,5594,Will,Heroes
2,5594,Hawk,Chopstix
1,5593,Mira,Chan ' tcho
2,5593,Brenner,Nonova
1,5592,Brenner,Nonova
2,5592,Will,Shrcker
1,5590,Will,Mike Zack
2,5590,Brenner,DC290
1,5589,Caulder,Average__Joe
2,5589,Forsythe,Lordofcold
1,5587,Will,Adnavacake
2,5587,Lin,TheMuffins
1,5583,Hawk,Chopstix
2,5583,Caulder,CuntSlayer
1,5582,Isabella,Lolom
2,5582,Brenner,TheMuffins
1,5580,Brenner,SparkFox
2,5580,Grat,Chopstix
1,5579,Hawk,Chopstix
2,5579,Greyfield,Heroes
1,5578,Hawk,CuntSlayer
2,5578,Will,Heroes
1,5577,Tabitha,Lolom
2,5577,Mira,NocturnalRaven
1,5576,Lin,Lolom
2,5576,Tabitha,Nanao
1,5575,Brenner,TheMuffins
2,5575,Caulder,Ndrangheta'
1,5569,Grat,Chopstix
2,5569,Tabitha,TMQs
1,5566,Waylon,Sliicer
2,5566,Will,DM11
1,5564,Tasha,chichote
2,5564,Will,SparkFox
1,5563,Lee,TMQs
2,5563,Penny,TheManCalledBen
1,5561,Waylon,Heroes
2,5561,Caulder,Draco
1,5560,Will,Heroes
2,5560,Penny,HoshiNoKoe13
1,5556,Caulder,Lordofcold
2,5556,Will,Plague
1,5555,Caulder,CuntSlayer
2,5555,Gage,Heroes
1,5553,Brenner,BWAVE
2,5553,Brenner,PhantomFullForce
1,5548,Lin,GM667_
2,5548,Isabella,Jonsey
1,5545,Lin,Jonsey
2,5545,Tasha,garbage
1,5544,Tabitha,BWAVE
2,5544,Grat,HoshiNoKoe13
1,5543,Hawk,HoshiNoKoe13
2,5543,Grat,Chopstix
1,5542,Penny,BusterBeachside
2,5542,Grat,Nanao
1,5541,Will,Plague
2,5541,Lin,Lordofcold
1,5540,Lin,HoshiNoKoe13
2,5540,Tabitha,Tee Lord
1,5538,Grat,Lolom
2,5538,Will,Heroes
1,5537,Will,Heroes
2,5537,Tabitha,Jonsey
1,5535,Tasha,garbage
2,5535,Caulder,Heroes
1,5532,Tabitha,ePiiC PaNiiC
2,5532,Tabitha,Ndrangheta'
1,5530,Tabitha,chichote
2,5530,Tabitha,Tee Lord
1,5529,Tabitha,BWAVE
2,5529,Hawk,Chopstix
1,5528,Tabitha,Ndrangheta'
2,5528,Hawk,Tee Lord
1,5527,Mira,Ritmo
2,5527,Mira,BWAVE
1,5525,Gage,Tee Lord
2,5525,Will,Adnavacake
1,5519,Lin,Lolom
2,5519,Isabella,HoshiNoKoe13
1,5518,Penny,Sliicer
2,5518,Will,Lordofcold
1,5515,Brenner,PhantomFullForce
2,5515,Brenner,Barondoctor
1,5513,Isabella,Mike Zack
2,5513,Tabitha,HoshiNoKoe13
1,5507,Tabitha,Chopstix
2,5507,Isabella,Mike Zack
1,5506,Brenner,TheMuffins
2,5506,Isabella,Mike Zack
1,5504,Grat,Nanao
2,5504,Tabitha,SparkFox
1,5502,Tabitha,BWAVE
2,5502,Grat,Chopstix
1,5500,Hawk,Deremius
2,5500,Mira,BWAVE
1,5499,Tabitha,Nanao
2,5499,Tabitha,Mike Zack
1,5498,Brenner,Ndrangheta'
2,5498,Hawk,GM667_
1,5497,Tabitha,Mike Zack
2,5497,Caulder,IDSSleeperAgent
1,5494,Will,Ghancc
2,5494,Caulder,TheManCalledBen
1,5493,Caulder,TheMuffins
2,5493,Waylon,Draco
1,5484,Tabitha,Nanao
2,5484,Tabitha,BWAVE
1,5483,Lin,Mike Zack
2,5483,Mira,Ritmo
1,5481,Grat,Chopstix
2,5481,Brenner,IDSSleeperAgent
1,5478,Tinker,Nanao
2,5478,Lin,ePiiC PaNiiC
1,5474,Mira,joebrooklyn39
2,5474,Brenner,Barondoctor
1,5470,Tabitha,BusterBeachside
2,5470,Will,Mike Zack
1,5469,Tabitha,Airmaster
2,5469,Lin,Mike Zack
1,5468,Will,Heroes
2,5468,Penny,Airmaster
1,5467,Brenner,Barondoctor
2,5467,Forsythe,PhantomFullForce
1,5466,Tabitha,Nanao
2,5466,Brenner,TheMuffins
1,5465,Tabitha,Hurricane_Slash
2,5465,Penny,DC290
1,5463,Hawk,ePiiC PaNiiC
2,5463,Forsythe,PhantomFullForce
1,5461,Tabitha,HoshiNoKoe13
2,5461,Brenner,Mike Zack
1,5455,Forsythe,Mike Zack
2,5455,Waylon,GM667_
1,5452,Forsythe,Tayufa
2,5452,Forsythe,TheMuffins
1,5451,Grat,Nanao
2,5451,Lee,Deremius
1,5450,Lin,Plague
2,5450,Forsythe,PhantomFullForce
1,5445,Isabella,Mike Zack
2,5445,Tasha,garbage
1,5444,Gage,SparkFox
2,5444,Caulder,Lordofcold
1,5443,Lin,Feda
2,5443,Gage,CaioSantso
1,5438,Lee,edwintheplayer
2,5438,Brenner,Jonsey
1,5433,Tabitha,BWAVE
2,5433,Isabella,TheMuffins
1,5432,Brenner,SparkFox
2,5432,Brenner,Dyslexic Lizard
1,5431,Will,Heroes
2,5431,Penny,HoshiNoKoe13
1,5425,Gage,Plague
2,5425,Forsythe,Operation Mechstorm
1,5424,Hawk,Average__Joe
2,5424,Gage,Plague
1,5421,Penny,HoshiNoKoe13
2,5421,Will,Hurricane_Slash
1,5418,Brenner,Barondoctor
2,5418,Forsythe,PhantomFullForce
1,5413,Tasha,garbage
2,5413,Tabitha,NocturnalRaven
1,5412,Will,Adnavacake
2,5412,Lin,TheMuffins
1,5411,Tasha,garbage
2,5411,Waylon,Heroes
1,5410,Tasha,garbage
2,5410,Caulder,Chopstix
1,5409,Will,PhantomFullForce
2,5409,Penny,Airmaster
1,5408,Lin,Heroes
2,5408,Penny,CuntSlayer
1,5407,Will,Hurricane_Slash
2,5407,Brenner,SSAO
1,5406,Brenner,IDSSleeperAgent
2,5406,Lin,Mike Zack
1,5401,Will,SSAO
2,5401,Will,Adnavacake
1,5400,Forsythe,EBSY
2,5400,Hawk,Deremius
1,5399,Brenner,Dyslexic Lizard
2,5399,Brenner,Airmaster
1,5397,Brenner,Heroes
2,5397,Brenner,Adnavacake
1,5395,Will,Chan ' tcho
2,5395,Hawk,EBSY
1,5393,Lee,GM667_
2,5393,Hawk,Chopstix
1,5392,Penny,Mike Zack
2,5392,Hawk,GM667_
1,5391,Brenner,Barondoctor
2,5391,Will,Heroes
1,5389,Brenner,TMQs
2,5389,Isabella,SparkFox
1,5387,Gage,TMQs
2,5387,Lin,Ndrangheta'
1,5386,Will,Heroes
2,5386,Lin,Mike Zack
1,5382,Brenner,TheMuffins
2,5382,Tabitha,Chopstix
1,5381,Tabitha,Chopstix
2,5381,Caulder,Mike Zack
1,5380,Forsythe,PhantomFullForce
2,5380,Brenner,TheManCalledBen
1,5379,Forsythe,edwintheplayer
2,5379,Hawk,Ndrangheta'
1,5378,Grat,SparkFox
2,5378,Tabitha,Nanao
1,5373,Brenner,BusterBeachside
2,5373,Brenner,chichote
1,5369,Greyfield,Dyslexic Lizard
2,5369,Greyfield,Draco
1,5368,Tinker,Nanao
2,5368,Will,Dyslexic Lizard
1,5367,Forsythe,Deremius
2,5367,Lin,Dyslexic Lizard
1,5366,Lin,Mike Zack
2,5366,Brenner,Dyslexic Lizard
1,5359,Isabella,Lordofcold
2,5359,Caulder,Mahizzle
1,5358,Tabitha,GM667_
2,5358,Zhaotiantong,Nanao
1,5357,Greyfield,garbage
2,5357,Isabella,GM667_
1,5356,Tasha,garbage
2,5356,Will,Mike Zack
1,5355,Waylon,Draco
2,5355,Waylon,Mike Zack
1,5354,Tasha,garbage
2,5354,Lin,Mike Zack
1,5352,Penny,Sliicer
2,5352,Forsythe,Lordofcold
1,5345,Will,Plague
2,5345,Forsythe,PhantomFullForce
1,5342,Isabella,Jonsey
2,5342,Mira,BWAVE
1,5339,Lin,Lordofcold
2,5339,Penny,Mahizzle
1,5338,Lin,Mike Zack
2,5338,Tabitha,Tee Lord
1,5333,Will,Tomus
2,5333,Forsythe,TheMuffins
1,5332,Tabitha,BWAVE
2,5332,Caulder,Mahizzle
1,5331,Tasha,Heroes
2,5331,Brenner,IDSSleeperAgent
1,5329,Tabitha,Tee Lord
2,5329,Will,Heroes
1,5323,Isabella,Raguna
2,5323,Isabella,Nanao
1,5322,Hawk,Pit89
2,5322,Hawk,Raguna
1,5321,Forsythe,TheMuffins
2,5321,Waylon,TMQs
1,5320,Tabitha,Plague
2,5320,Tabitha,Abreu
1,5319,Tasha,garbage
2,5319,Tabitha,Tee Lord
1,5318,Hawk,GM667_
2,5318,Hawk,Raguna
1,5317,Caulder,Chopstix
2,5317,Will,Mike Zack
1,5315,Lin,Feda
2,5315,Forsythe,Lordofcold
1,5313,Zhaotiantong,GM667_
2,5313,Isabella,SparkFox
1,5311,Penny,Mahizzle
2,5311,Lin,Lordofcold
1,5309,Waylon,Draco
2,5309,Tabitha,TheMuffins
1,5307,Brenner,PhantomFullForce
2,5307,Brenner,Barondoctor
1,5305,Penny,Sliicer
2,5305,Forsythe,Red-One
1,5302,Tasha,Adnavacake
2,5302,Lin,Nanao
1,5301,Forsythe,SparkFox
2,5301,Caulder,CuntSlayer
1,5300,Brenner,Jonsey
2,5300,Tabitha,Ndrangheta'
1,5299,Greyfield,GM667_
2,5299,Greyfield,garbage
1,5298,Greyfield,Nonova
2,5298,Gage,Chan ' tcho
1,5297,Tasha,garbage
2,5297,Lin,Mike Zack
1,5293,Lin,Mike Zack
2,5293,Tabitha,BWAVE
1,5292,Will,Plague
2,5292,Tabitha,sarastro
1,5291,Lin,Mike Zack
2,5291,Will,Hurricane_Slash
1,5289,Tabitha,TheMuffins
2,5289,Waylon,Draco
1,5285,Isabella,PawnPusher
2,5285,Isabella,Operation Mechstorm
1,5283,Brenner,SSAO
2,5283,Forsythe,Chopstix
1,5281,Waylon,Tayufa
2,5281,Tasha,garbage
1,5280,Isabella,Jonathan2357
2,5280,Zhaotiantong,GM667_
1,5279,Zhaotiantong,TMQs
2,5279,Brenner,TheManCalledBen
1,5278,Lin,ReZurRekt843
2,5278,Caulder,TheManCalledBen
1,5277,Caulder,Chopstix
2,5277,Isabella,TheMuffins
1,5276,Tabitha,Nanao
2,5276,Tabitha,ReZurRekt843
1,5275,Caulder,Mahizzle
2,5275,Brenner,Lordofcold
1,5274,Isabella,Hurricane_Slash
2,5274,Will,Heroes
1,5273,Lin,Mike Zack
2,5273,Waylon,Heroes
1,5268,Tasha,garbage
2,5268,Tabitha,Chopstix
1,5267,Mira,BWAVE
2,5267,Isabella,Nanao
1,5266,Penny,BusterBeachside
2,5266,Mira,BWAVE
1,5261,Lin,Mike Zack
2,5261,Hawk,Tee Lord
1,5260,Isabella,BWAVE
2,5260,Waylon,Ndrangheta'
1,5259,Penny,ePiiC PaNiiC
2,5259,Penny,Ndrangheta'
1,5257,Gage,Draco
2,5257,Greyfield,Hurricane_Slash
1,5256,Will,Raguna
2,5256,Will,Lordofcold
1,5255,Brenner,SSAO
2,5255,Gage,Pit89
1,5254,Caulder,Tayufa
2,5254,Lin,Mike Zack
1,5253,Caulder,chichote
2,5253,Brenner,SSAO
1,5252,Will,Heroes
2,5252,Tasha,garbage
1,5251,Mira,BWAVE
2,5251,Brenner,Dyslexic Lizard
1,5249,Will,Airmaster
2,5249,Lin,Mike Zack
1,5246,Will,Heroes
2,5246,Will,Airmaster
1,5245,Lin,Airmaster
2,5245,Brenner,Lammle
1,5244,Isabella,BWAVE
2,5244,Grat,Jonsey
1,5242,Brenner,TheMuffins
2,5242,Tabitha,Jonsey
1,5240,Brenner,Mahizzle
2,5240,Brenner,xrumblingcdsx
1,5239,Grat,Deremius
2,5239,Tabitha,Nanao
1,5238,Isabella,Mahizzle
2,5238,Lin,Lordofcold
1,5237,Brenner,SSAO
2,5237,Will,Mike Zack
1,5233,Will,Plague
2,5233,Will,不是icy
1,5230,Will,BusterBeachside
2,5230,Lin,Lordofcold
1,5229,Zhaotiantong,GM667_
2,5229,Brenner,CaioSantso
1,5227,Hawk,MihoNishizumi
2,5227,Hawk,Adnavacake
1,5225,Brenner,BusterBeachside
2,5225,Penny,Jonathan2357
1,5224,Tabitha,Tomus
2,5224,Lin,Heroes
1,5223,Isabella,Airmaster
2,5223,Tasha,garbage
1,5222,Tabitha,Hurricane_Slash
2,5222,Caulder,chichote
1,5221,Penny,chichote
2,5221,Brenner,PhantomFullForce
1,5220,Tinker,Chan ' tcho
2,5220,Gage,King Arthur
1,5218,Caulder,Hurricane_Slash
2,5218,Caulder,Lordofcold
1,5217,Waylon,Chopstix
2,5217,Penny,Jonsey
1,5214,Lin,Airmaster
2,5214,Lin,Mike Zack
1,5212,Lee,Hurricane_Slash
2,5212,Hawk,ePiiC PaNiiC
1,5211,Brenner,TheMuffins
2,5211,Brenner,Mike Zack
1,5207,Greyfield,Chopstix
2,5207,Brenner,Mike Zack
1,5206,Lin,Mike Zack
2,5206,Tasha,garbage
1,5205,Isabella,Tayufa
2,5205,Grat,Chopstix
1,5204,Waylon,Tayufa
2,5204,Forsythe,TheMuffins
1,5202,Gage,garbage
2,5202,Brenner,TheMuffins
1,5201,Forsythe,PhantomFullForce
2,5201,Lin,Lordofcold
1,5196,Greyfield,garbage
2,5196,Brenner,GM667_
1,5195,Brenner,GM667_
2,5195,Brenner,Mahizzle
1,5194,Tabitha,Nanao
2,5194,Tabitha,PawnPusher
1,5192,Tabitha,Chopstix
2,5192,Tasha,garbage
1,5191,Caulder,PhantomFullForce
2,5191,Brenner,Raguna
1,5190,Will,sarastro
2,5190,Tinker,Nanao
1,5189,Tasha,garbage
2,5189,Tabitha,Nanao
1,5188,Forsythe,Dyslexic Lizard
2,5188,Penny,Adnavacake
1,5186,Lin,Mike Zack
2,5186,Tasha,garbage
1,5185,Penny,NeroZonbolt
2,5185,Brenner,Dyslexic Lizard
1,5183,Tinker,Nanao
2,5183,Will,GM667_
1,5182,Brenner,Dyslexic Lizard
2,5182,Penny,IDSSleeperAgent
1,5181,Waylon,Barondoctor
2,5181,Tabitha,King Arthur
1,5176,Tasha,Jonathan2357
2,5176,Tabitha,Hurricane_Slash
1,5174,Mira,TheManCalledBen
2,5174,Will,PhantomFullForce
1,5172,Tasha,garbage
2,5172,Brenner,TheMuffins
1,5169,Hawk,MihoNishizumi
2,5169,Will,Adnavacake
1,5165,Isabella,Jonsey
2,5165,Lin,Ndrangheta'
1,5162,Hawk,rmac
2,5162,Forsythe,PhantomFullForce
1,5159,Penny,Nanao
2,5159,Lin,GM667_
1,5158,Brenner,Dyslexic Lizard
2,5158,Will,Jonsey
1,5156,Brenner,GM667_
2,5156,Isabella,Jonathan2357
1,5152,Zhaotiantong,JTQWN
2,5152,Lin,TMQs
1,5150,Penny,Tomus
2,5150,Tabitha,Jonsey
1,5149,Caulder,Nonova
2,5149,Caulder,Shrcker
1,5147,Brenner,Airmaster
2,5147,Brenner,Hurricane_Slash
1,5146,Will,BWAVE
2,5146,Penny,Airmaster
1,5145,Will,Airmaster
2,5145,Brenner,SSAO
1,5140,Penny,King Arthur
2,5140,Tabitha,JTQWN
1,5139,Grat,Chopstix
2,5139,Tabitha,Jonsey
1,5136,Brenner,Mahizzle
2,5136,Tabitha,Tayufa
1,5133,Isabella,Hurricane_Slash
2,5133,Isabella,Lordofcold
1,5132,Will,hooch
2,5132,Forsythe,PhantomFullForce
1,5130,Penny,Chan ' tcho
2,5130,Lin,Ghancc
1,5129,Mira,TMQs
2,5129,Brenner,Ghancc
1,5128,Brenner,Barondoctor
2,5128,Brenner,Tomus
1,5127,Waylon,PhantomFullForce
2,5127,Will,rmac
1,5126,Will,SSAO
2,5126,Tinker,Nanao
1,5124,Lin,ePiiC PaNiiC
2,5124,Forsythe,PhantomFullForce
1,5117,Tabitha,JTQWN
2,5117,Penny,Sliicer
1,5116,Tabitha,chichote
2,5116,Tabitha,BusterBeachside
1,5107,Tabitha,Mahizzle
2,5107,Tabitha,Nanao
1,5106,Brenner,GM667_
2,5106,Mira,Chopstix
1,5105,Will,RayKadoodles
2,5105,Tabitha,!try!
1,5103,Forsythe,Shrcker
2,5103,Grat,Chopstix
1,5102,Tabitha,Nanao
2,5102,Will,Jonathan2357
1,5101,Will,Hurricane_Slash
2,5101,Grat,BWAVE
1,5100,Penny,Mahizzle
2,5100,Tabitha,Nanao
1,5099,Brenner,Mike Zack
2,5099,Brenner,Jonsey
1,5098,Brenner,Nanao
2,5098,Gage,BWAVE
1,5097,Isabella,EBSY
2,5097,Waylon,ReZurRekt843
1,5088,Brenner,BusterBeachside
2,5088,Lin,Lordofcold
1,5086,Will,Mike Zack
2,5086,Brenner,Dyslexic Lizard
1,5085,Caulder,Chopstix
2,5085,Isabella,Jonsey
1,5079,Lin,King Arthur
2,5079,Brenner,BWAVE
1,5078,Gage,BWAVE
2,5078,Penny,BusterBeachside
1,5074,Lin,Feda
2,5074,Penny,Arckos
1,5072,Forsythe,Lordofcold
2,5072,Will,Ghancc
1,5070,Tabitha,Darq
2,5070,Isabella,Curiosity
1,5068,Grat,Chopstix
2,5068,Will,Mike Zack
1,5066,Will,Mike Zack
2,5066,Mira,BWAVE
1,5064,Penny,Curiosity
2,5064,Brenner,Private_J
1,5063,Will,Mike Zack
2,5063,Lin,Rodkilla57
1,5061,Forsythe,Tomus
2,5061,Forsythe,LeLieuTenant
1,5057,Brenner,HeartMatters
2,5057,Brenner,Draco
1,5056,Forsythe,Jonsey
2,5056,Forsythe,ePiiC PaNiiC
1,5049,Brenner,Mike Zack
2,5049,Brenner,BWAVE
1,5048,Forsythe,Ghancc
2,5048,Forsythe,Mahizzle
1,5046,Hawk,GM667_
2,5046,Waylon,LeLieuTenant
1,5043,Hawk,Chopstix
2,5043,Zhaotiantong,GM667_
1,5042,Mira,Jonathan2357
2,5042,Brenner,Lammle
1,5039,Hawk,Chopstix
2,5039,Isabella,Hurricane_Slash
1,5038,Brenner,Average__Joe
2,5038,Brenner,Mahizzle
1,5037,Forsythe,Lammle
2,5037,Forsythe,Hurricane_Slash
1,5035,Mira,Ghancc
2,5035,Tabitha,Nanao
1,5033,Brenner,Mike Zack
2,5033,Caulder,CuntSlayer
1,5031,Penny,Mahizzle
2,5031,Mira,Ghancc
1,5030,Tabitha,Mahizzle
2,5030,Tabitha,Nanao
1,5029,Will,Feda
2,5029,Gage,overlordto12
1,5028,Forsythe,overlordto12
2,5028,Brenner,xrumblingcdsx
1,5027,Forsythe,PhantomFullForce
2,5027,Penny,Darq
1,5021,Brenner,!try!
2,5021,Caulder,Raguna
1,5017,Brenner,Mike Zack
2,5017,Tabitha,EBSY
1,5014,Lin,Chan ' tcho
2,5014,Isabella,Red-One
1,5013,Brenner,Mahizzle
2,5013,Brenner,Mike Zack
1,5011,Hawk,Chopstix
2,5011,Brenner,Mahizzle
1,5009,Penny,Jonsey
2,5009,Brenner,SSAO
1,5007,Lin,Lordofcold
2,5007,Lin,Abreu
1,5005,Waylon,Tomus
2,5005,Tasha,Jonsey
1,5004,Penny,Feda
2,5004,Caulder,SSAO
1,5003,Grat,BWAVE
2,5003,Brenner,Mike Zack
1,5002,Lee,Chopstix
2,5002,Grat,Nanao
1,5001,Tasha,Chopstix
2,5001,Penny,Nanao
1,5000,Isabella,Nanao
2,5000,Tabitha,chichote
1,4997,Brenner,PhantomFullForce
2,4997,Penny,chichote
1,4996,Will,Hurricane_Slash
2,4996,Brenner,Nanao
1,4995,Will,Feda
2,4995,Will,Ghancc
1,4994,Tabitha,EBSY
2,4994,Tabitha,Nanao
1,4993,Penny,Abreu
2,4993,Forsythe,Hurricane_Slash
1,4991,Lee,Ghancc
2,4991,Tabitha,chichote
1,4990,Tabitha,PhantomFullForce
2,4990,Lin,BusterBeachside
1,4987,Isabella,Lordofcold
2,4987,Isabella,Mahizzle
1,4985,Will,Ghancc
2,4985,Brenner,Ndrangheta'
1,4982,Isabella,Nanao
2,4982,Tabitha,ReZurRekt843
1,4981,Will,Sanstroid
2,4981,Brenner,Hurricane_Slash
1,4980,Brenner,Chopstix
2,4980,Isabella,Jonsey
1,4978,Hawk,Sanstroid
2,4978,Hawk,Chopstix
1,4977,Tabitha,Nanao
2,4977,Forsythe,Jonsey
1,4976,Hawk,Ghancc
2,4976,Penny,Mahizzle
1,4975,Isabella,JTQWN
2,4975,Waylon,sarastro
1,4974,Will,Tayufa
2,4974,Mira,Arckos
1,4972,Brenner,Tayufa
2,4972,Waylon,TMQs
1,4971,Grat,Feda
2,4971,Caulder,Airmaster
1,4968,Isabella,Mahizzle
2,4968,Grat,SparkFox
1,4965,Hawk,Chopstix
2,4965,Isabella,Hurricane_Slash
1,4963,Forsythe,EBSY
2,4963,Brenner,Nonova
1,4961,Isabella,ePiiC PaNiiC
2,4961,Isabella,Nanao
1,4958,Gage,purifierwarmech
2,4958,Zhaotiantong,JTQWN
1,4957,Grat,Hurricane_Slash
2,4957,Hawk,Airmaster
1,4954,Greyfield,Chan ' tcho
2,4954,Lin,Ghancc
1,4948,Hawk,Chopstix
2,4948,Mira,GM667_
1,4943,Will,Red-One
2,4943,Will,PhantomFullForce
1,4942,Tabitha,Hurricane_Slash
2,4942,Tabitha,Aimline
1,4940,Forsythe,Deremius
2,4940,Will,DarkDawnGOOD
1,4939,Tabitha,SparkFox
2,4939,Will,Ghancc
1,4938,Greyfield,Pistolaceo
2,4938,Isabella,Curiosity
1,4935,Gage,Red-One
2,4935,Hawk,Deremius
1,4933,Brenner,Red-One
2,4933,Brenner,Tee Lord
1,4928,Isabella,EBSY
2,4928,Isabella,Feda
1,4926,Lin,Feda
2,4926,Greyfield,Ghancc
1,4925,Tabitha,Nanao
2,4925,Tabitha,SSAO
1,4924,Tabitha,JTQWN
2,4924,Penny,不是icy
1,4923,Lin,Profeta7
2,4923,Brenner,Lordofcold
1,4922,Brenner,Profeta7
2,4922,Forsythe,Raguna
1,4920,Tabitha,JTQWN
2,4920,Waylon,Plague
1,4919,Tabitha,Nanao
2,4919,Forsythe,ReZurRekt843
1,4918,Brenner,Tee Lord
2,4918,Tabitha,King Arthur
1,4916,Gage,Red-One
2,4916,Gage,Average__Joe
1,4915,Forsythe,Lordofcold
2,4915,Brenner,Ghancc
1,4914,Caulder,King Arthur
2,4914,Lin,不是icy
1,4913,(No CO),Mahizzle
2,4913,Greyfield,Ghancc
1,4912,Penny,DC290
2,4912,Caulder,ePiiC PaNiiC
1,4911,Brenner,Mike Zack
2,4911,Brenner,Barondoctor
1,4910,Tasha,SparkFox
2,4910,Tabitha,Mahizzle
1,4907,Lee,Ghancc
2,4907,Caulder,IDSSleeperAgent
1,4905,Caulder,CuntSlayer
2,4905,Isabella,Airmaster
1,4903,Penny,Mahizzle
2,4903,Tabitha,Nanao
1,4898,Caulder,Jonsey
2,4898,Isabella,Nanao
1,4896,Hawk,Chopstix
2,4896,Gage,Jonsey
1,4894,Lin,Lordofcold
2,4894,Caulder,Average__Joe
1,4892,Brenner,Mike Zack
2,4892,Brenner,Im_From_Tilambuco
1,4890,Forsythe,Lordofcold
2,4890,Will,Ghancc
1,4888,Mira,Airmaster
2,4888,Brenner,Ghancc
1,4887,Waylon,Barondoctor
2,4887,Waylon,BusterBeachside
1,4885,Tabitha,chichote
2,4885,Lin,Ghancc
1,4883,Isabella,Curiosity
2,4883,Forsythe,ReZurRekt843
1,4882,Will,Mike Zack
2,4882,Will,Hurricane_Slash
1,4881,Caulder,Deremius
2,4881,Mira,TMQs
1,4880,Hawk,TMQs
2,4880,Will,Deremius
1,4879,Lin,Darq
2,4879,Waylon,Ndrangheta'
1,4875,Brenner,Mahizzle
2,4875,Isabella,Red-One
1,4873,Forsythe,Nanao
2,4873,Caulder,Feda
1,4871,Gage,Old Hitler
2,4871,Isabella,TheManCalledBen
1,4865,Tabitha,Operation Mechstorm
2,4865,Will,MihoNishizumi
1,4863,Penny,Red-One
2,4863,Mira,TheManCalledBen
1,4862,Grat,Zerobillion
2,4862,Will,King Arthur
1,4860,Penny,Pistolaceo
2,4860,Forsythe,GM667_
1,4859,Will,Ndrangheta'
2,4859,Hawk,GM667_
1,4858,Penny,Darq
2,4858,Brenner,GM667_
1,4857,Forsythe,MihoNishizumi
2,4857,Will,MicrOvven
1,4856,Brenner,GM667_
2,4856,Brenner,SparkFox
1,4855,Brenner,rmac
2,4855,Hawk,Tee Lord
1,4854,Brenner,PhantomFullForce
2,4854,Hawk,Tee Lord
1,4853,Lin,BusterBeachside
2,4853,Hawk,Tee Lord
1,4851,Penny,Curiosity
2,4851,Isabella,GM667_
1,4850,Brenner,Nonova
2,4850,Mira,Ghancc
1,4848,Will,MicrOvven
2,4848,Mira,Ghancc
1,4847,Hawk,Tee Lord
2,4847,Tabitha,Ghancc
1,4846,Forsythe,Tee Lord
2,4846,Penny,MicrOvven
1,4845,Gage,Raguna
2,4845,Gage,Pit89
1,4844,Caulder,IDSSleeperAgent
2,4844,Lin,Lammle
1,4843,Greyfield,Chan ' tcho
2,4843,Lin,Lordofcold
1,4840,Forsythe,BonkAdict
2,4840,Hawk,Jonathan2357
1,4839,Will,sarastro
2,4839,Gage,RayKadoodles
1,4838,Brenner,Aidan
2,4838,Lee,Curiosity
1,4837,Tabitha,ePiiC PaNiiC
2,4837,Tabitha,Mahizzle
1,4834,Tabitha,Mahizzle
2,4834,Gage,Red-One
1,4833,Brenner,IDSSleeperAgent
2,4833,Tabitha,Feda
1,4824,Lin,Hurricane_Slash
2,4824,Forsythe,PhantomFullForce
1,4822,Hawk,ePiiC PaNiiC
2,4822,Forsythe,Deremius
1,4821,Lin,Geko
2,4821,Lin,IDSSleeperAgent
1,4820,Will,Ghancc
2,4820,Tabitha,EBSY
1,4815,Waylon,Divva
2,4815,Grat,Chan ' tcho
1,4812,Brenner,Feda
2,4812,Brenner,Barondoctor
1,4811,Gage,PhantomFullForce
2,4811,Tinker,Nanao
1,4804,Will,Hurricane_Slash
2,4804,Will,Feda
1,4800,Caulder,PhantomFullForce
2,4800,Isabella,Nanao
1,4798,Isabella,Nanao
2,4798,Isabella,Chopstix
1,4797,Penny,MicrOvven
2,4797,Forsythe,Feda
1,4795,Hawk,Chopstix
2,4795,Brenner,GM667_
1,4793,Caulder,Ghancc
2,4793,Caulder,Nanao
1,4791,Tabitha,Pit89
2,4791,Tabitha,Nanao
1,4789,Gage,Chan ' tcho
2,4789,Penny,DC290
1,4788,Caulder,CuntSlayer
2,4788,Brenner,chichote
1,4784,Grat,Astady
2,4784,Tabitha,purifierwarmech
1,4782,Mira,Nanao
2,4782,Hawk,Feda
1,4781,Forsythe,PhantomFullForce
2,4781,Hawk,rmac
1,4780,Tabitha,Napoleon
2,4780,Brenner,Whealy
1,4779,Waylon,Private_J
2,4779,Will,Ghancc
1,4777,Gage,Red-One
2,4777,Greyfield,MicrOvven
1,4774,Caulder,Average__Joe
2,4774,Brenner,Lordofcold
1,4772,Forsythe,Zerobillion
2,4772,Hawk,Geko
1,4771,Tabitha,Operation Mechstorm
2,4771,Tabitha,Nanao
1,4769,Grat,Astady
2,4769,Hawk,Tee Lord
1,4768,Lin,Astady
2,4768,Hawk,Chan ' tcho
1,4766,Isabella,Feda
2,4766,Brenner,SSAO
1,4765,Will,Razgriz
2,4765,Forsythe,MicrOvven
1,4763,Grat,Feda
2,4763,Tabitha,Mahizzle
1,4762,Brenner,Antihero
2,4762,Brenner,Aidan
1,4761,Tasha,Raguna
2,4761,Penny,Nebula
1,4760,Grat,Nebula
2,4760,Tasha,TMQs
1,4759,Lin,Astady
2,4759,Penny,Nanao
1,4758,Lin,Operation Mechstorm
2,4758,Tinker,Nanao
1,4757,Penny,MihoNishizumi
2,4757,Hawk,Blaze
1,4756,Caulder,Arckos
2,4756,Mira,Antihero
1,4754,Will,Average__Joe
2,4754,Tabitha,Red-One
1,4749,Brenner,Ghancc
2,4749,Brenner,Razgriz
1,4747,Isabella,Nanao
2,4747,Caulder,PhantomFullForce
1,4746,Penny,Nanao
2,4746,Tabitha,Hurricane_Slash
1,4745,Tabitha,Nanao
2,4745,Waylon,overlordto12
1,4743,Brenner,chichote
2,4743,Tabitha,EBSY
1,4742,Tasha,overlordto12
2,4742,Gage,Abreu
1,4741,Tinker,overlordto12
2,4741,Tinker,Abreu
1,4738,Will,Hurricane_Slash
2,4738,Lin,Ghancc
1,4733,Brenner,Tee Lord
2,4733,Brenner,Hurricane_Slash
1,4732,Tabitha,PhantomFullForce
2,4732,Isabella,Hurricane_Slash
1,4731,Brenner,Ghancc
2,4731,Will,Feda
1,4730,Brenner,Mahizzle
2,4730,Brenner,Barondoctor
1,4729,Brenner,Mahizzle
2,4729,Brenner,Ghancc
1,4728,Will,JTQWN
2,4728,Will,King Arthur
1,4727,Tabitha,Tee Lord
2,4727,Penny,Sliicer
1,4726,Lin,Mauwus
2,4726,Tabitha,FindMyNeotank
1,4723,Mira,Tayufa
2,4723,Penny,Arckos
1,4720,Tabitha,EBSY
2,4720,Lee,ReZurRekt843
1,4719,Tabitha,Nanao
2,4719,Caulder,Ghancc
1,4716,Lee,JTQWN
2,4716,Greyfield,sarastro
1,4715,Caulder,Nanao
2,4715,Lin,Hurricane_Slash
1,4714,Penny,MicrOvven
2,4714,Caulder,Hurricane_Slash
1,4713,Will,MicrOvven
2,4713,Caulder,Ghancc
1,4711,Penny,Nebula
2,4711,Isabella,zielinskigr
1,4705,Brenner,LuarSoleil
2,4705,Waylon,GM667_
1,4704,Lin,FindMyNeotank
2,4704,Gage,Red-One
1,4702,Penny,Sliicer
2,4702,Penny,FindMyNeotank
1,4701,Forsythe,MihoNishizumi
2,4701,Lin,Feda
1,4700,Forsythe,IDSSleeperAgent
2,4700,Lin,Feda
1,4698,Hawk,Operation Mechstorm
2,4698,Lin,Geko
1,4693,Isabella,DM11
2,4693,Lin,TMQs
1,4690,Tabitha,Nanao
2,4690,Tabitha,Tee Lord
1,4689,Will,Hurricane_Slash
2,4689,Penny,BusterBeachside
1,4688,Lin,Zerobillion
2,4688,Hawk,Tee Lord
1,4683,Gage,Plague
2,4683,Will,King Arthur
1,4682,Caulder,Nanao
2,4682,Tabitha,Hurricane_Slash
1,4681,Will,Feda
2,4681,Tabitha,Nanao
1,4680,Grat,JTQWN
2,4680,Lin,Plague
1,4679,Will,Feda
2,4679,Will,Hurricane_Slash
1,4678,Caulder,TheManCalledBen
2,4678,Tabitha,FindMyNeotank
1,4677,Brenner,Operation Mechstorm
2,4677,Gage,BeansChabier
1,4676,Tabitha,LuarSoleil
2,4676,Caulder,不是icy
1,4675,Penny,Nanao
2,4675,Penny,Penny!
1,4670,Brenner,SSAO
2,4670,Isabella,MihoNishizumi
1,4669,Caulder,Average__Joe
2,4669,Brenner,Lordofcold
1,4668,Lin,Private_J
2,4668,Brenner,CuntSlayer
1,4665,Tabitha,Penny!
2,4665,Caulder,Whealy
1,4664,Will,PhantomFullForce
2,4664,Zhaotiantong,FindMyNeotank
1,4663,Forsythe,Curiosity
2,4663,Penny,Penny!
1,4659,Penny,Nanao
2,4659,Caulder,MihoNishizumi
1,4658,Tabitha,Hurricane_Slash
2,4658,Penny,Nanao
1,4656,Hawk,Pit89
2,4656,Hawk,Nanao
1,4655,Tinker,Curiosity
2,4655,Tabitha,Penny!
1,4654,Brenner,Mini Nini
2,4654,Brenner,Plague
1,4653,Tinker,ePiiC PaNiiC
2,4653,Mira,Tayufa
1,4652,Greyfield,xaltt
2,4652,Brenner,LeLieuTenant
1,4651,Brenner,Ghancc
2,4651,Brenner,Mahizzle
1,4649,Greyfield,xaltt
2,4649,Waylon,MihoNishizumi
1,4648,Will,TMQs
2,4648,Tabitha,FindMyNeotank
1,4647,Caulder,FindMyNeotank
2,4647,Caulder,Deremius
1,4646,Gage,Chan ' tcho
2,4646,Will,overlordto12
1,4644,Penny,ePiiC PaNiiC
2,4644,Forsythe,Lordofcold
1,4643,Forsythe,Private_J
2,4643,Caulder,TheManCalledBen
1,4642,Hawk,Tee Lord
2,4642,Caulder,Divva
1,4641,Lin,Hurricane_Slash
2,4641,Penny,MihoNishizumi
1,4640,Caulder,zielinskigr
2,4640,Tabitha,DC290
1,4639,Will,LeLieuTenant
2,4639,Brenner,GM667_
1,4638,Caulder,zielinskigr
2,4638,Greyfield,Brandon_Burgh
1,4637,Tabitha,Red-One
2,4637,Tabitha,Darq
1,4635,Tabitha,NMX2
2,4635,Mira,Zerobillion
1,4632,Tabitha,Nanao
2,4632,Greyfield,xaltt
1,4630,Caulder,Napoleon
2,4630,Waylon,Zerobillion
1,4629,Tabitha,Hurricane_Slash
2,4629,Penny,Nanao
1,4628,Brenner,Chopstix
2,4628,Caulder,zielinskigr
1,4626,Zhaotiantong,JTQWN
2,4626,Gage,Mauwus
1,4625,Greyfield,Chan ' tcho
2,4625,Gage,Tee Lord
1,4624,Grat,Villefort
2,4624,Gage,Tee Lord
1,4623,Penny,MihoNishizumi
2,4623,Tabitha,IDSSleeperAgent
1,4622,Caulder,Divva
2,4622,Hawk,Tee Lord
1,4621,Brenner,Lordofcold
2,4621,Caulder,TheManCalledBen
1,4620,Tabitha,Divva
2,4620,Brenner,Tee Lord
1,4617,Tasha,Chopstix
2,4617,Zhaotiantong,Nanao
1,4616,Hawk,JTQWN
2,4616,Waylon,sarastro
1,4614,Forsythe,PhantomFullForce
2,4614,Brenner,Aidan
1,4613,Will,PhantomFullForce
2,4613,Mira,Raguna
1,4612,Hawk,Tee Lord
2,4612,Tabitha,Nanao
1,4611,Lin,Mahizzle
2,4611,Tinker,Nanao
1,4610,Penny,MihoNishizumi
2,4610,Tabitha,Nanao
1,4606,Tabitha,Heartfire
2,4606,Tabitha,ReZurRekt843
1,4605,Penny,xaltt
2,4605,Isabella,LeLieuTenant
1,4604,Will,PhantomFullForce
2,4604,Will,Geko
1,4603,Tabitha,Ace737
2,4603,Penny,joebrooklyn39
1,4602,Tabitha,Sanstroid
2,4602,Greyfield,xaltt
1,4601,Forsythe,Chopstix
2,4601,Tasha,xaltt
1,4600,Tabitha,Nanao
2,4600,Tabitha,TheManCalledBen
1,4597,Brenner,Tee Lord
2,4597,Brenner,PhantomFullForce
1,4596,Brenner,DM11
2,4596,Brenner,PhantomFullForce
1,4594,Greyfield,xaltt
2,4594,Caulder,MicrOvven
1,4593,Forsythe,ReZurRekt843
2,4593,Tabitha,Heartfire
1,4592,Isabella,Hurricane_Slash
2,4592,Greyfield,xaltt
1,4591,Waylon,Hurricane_Slash
2,4591,Penny,Nanao
1,4590,Lee,Chopstix
2,4590,Brenner,Mahizzle
1,4589,Isabella,Hurricane_Slash
2,4589,Will,Chopstix
1,4586,Tabitha,Hurricane_Slash
2,4586,Greyfield,xaltt
1,4585,Forsythe,Ace737
2,4585,Tabitha,Darq
1,4583,Hawk,Chopstix
2,4583,Greyfield,xaltt
1,4582,Lin,Geko
2,4582,Caulder,zielinskigr
1,4581,Gage,Red-One
2,4581,Lin,Lordofcold
1,4580,Brenner,Chopstix
2,4580,Greyfield,xaltt
1,4578,Will,Average__Joe
2,4578,Tabitha,Red-One
1,4577,Will,DM11
2,4577,Mira,FindMyNeotank
1,4576,Zhaotiantong,JTQWN
2,4576,Zhaotiantong,Penny!
1,4575,Tabitha,Penny!
2,4575,Tabitha,Operation Mechstorm
1,4574,Mira,Penny!
2,4574,Will,DM11
1,4573,Isabella,Geko
2,4573,Waylon,MihoNishizumi
1,4572,Brenner,sarastro
2,4572,Isabella,RayKadoodles
1,4571,Tabitha,Hurricane_Slash
2,4571,Forsythe,Nanao
1,4570,Brenner,Hurricane_Slash
2,4570,Brenner,Mahizzle
1,4569,Hawk,Chopstix
2,4569,Isabella,Shrcker
1,4566,Caulder,Average__Joe
2,4566,Tabitha,BusterBeachside
1,4562,Hawk,Geko
2,4562,Hawk,Aidan
1,4559,Greyfield,xaltt
2,4559,Isabella,Hurricane_Slash
1,4558,Gage,Tee Lord
2,4558,Penny,Zerobillion
1,4556,Zhaotiantong,JTQWN
2,4556,Caulder,Napoleon
1,4555,Penny,xaltt
2,4555,Tabitha,Hurricane_Slash
1,4553,Grat,Nanao
2,4553,Hawk,Chopstix
1,4552,Penny,joebrooklyn39
2,4552,Isabella,Whealy
1,4551,Zhaotiantong,JTQWN
2,4551,Penny,FindMyNeotank
1,4549,Zhaotiantong,JTQWN
2,4549,Waylon,King Arthur
1,4548,Gage,Red-One
2,4548,Tabitha,Tee Lord
1,4547,Hawk,Tee Lord
2,4547,Tabitha,Nanao
1,4546,Tabitha,Tee Lord
2,4546,Tabitha,FindMyNeotank
1,4543,Forsythe,Cyro
2,4543,(No CO),IDSSleeperAgent
1,4542,Lin,Cyro
2,4542,Isabella,Moot
1,4540,Zhaotiantong,!try!
2,4540,Will,Raguna
1,4539,Tabitha,Tee Lord
2,4539,Penny,joebrooklyn39
1,4537,Hawk,Tee Lord
2,4537,Hawk,GM667_
1,4533,Tabitha,Tee Lord
2,4533,Lin,King Arthur
1,4532,Isabella,Sgt.Chloride
2,4532,Grat,Villefort
1,4529,Tabitha,Nanao
2,4529,Gage,Pit89
1,4524,Tabitha,Penny!
2,4524,Penny,joebrooklyn39
1,4523,Forsythe,!try!
2,4523,Will,RayKadoodles
1,4520,Gage,Sgt.Chloride
2,4520,Caulder,ReZurRekt843
1,4518,Caulder,zielinskigr
2,4518,Brenner,IDSSleeperAgent
1,4517,Isabella,Brandon_Burgh
2,4517,Isabella,Moot
1,4515,Forsythe,NeroZonbolt
2,4515,Lin,Darqspeaker
1,4509,Tabitha,Tee Lord
2,4509,Lin,IDSSleeperAgent
1,4505,Lin,Lordofcold
2,4505,Caulder,ePiiC PaNiiC
1,4504,Gage,GM667_
2,4504,Zhaotiantong,Nanao
1,4502,Brenner,IDSSleeperAgent
2,4502,Brenner,Aidan
1,4501,Caulder,Average__Joe
2,4501,Caulder,Mini Nini
1,4500,Zhaotiantong,FindMyNeotank
2,4500,Zhaotiantong,JTQWN
1,4499,Zhaotiantong,FindMyNeotank
2,4499,Will,PhantomFullForce
1,4498,Tabitha,Nuclear Rat
2,4498,Tabitha,LuarSoleil
1,4495,Waylon,Adept999
2,4495,Penny,Sliicer
1,4492,Will,Lordofcold
2,4492,Penny,Zerobillion
1,4491,Isabella,rmac
2,4491,Isabella,Antihero
1,4490,Gage,Abtahee
2,4490,Caulder,Darq
1,4488,Grat,JTQWN
2,4488,Grat,Zerobillion
1,4487,Isabella,TheManCalledBen
2,4487,Isabella,DM11
1,4486,Gage,Chan ' tcho
2,4486,Lin,!try!
1,4485,Greyfield,Mauwus
2,4485,Greyfield,Plague
1,4484,Brenner,Whealy
2,4484,Brenner,GM667_
1,4482,Waylon,RayKadoodles
2,4482,Isabella,Akubjay
1,4481,Isabella,Akubjay
2,4481,Brenner,Rush_FTK
1,4480,Will,DM11
2,4480,Will,King Arthur
1,4479,Isabella,Mini Nini
2,4479,Brenner,DM11
1,4478,Forsythe,DM11
2,4478,Waylon,Mauwus
1,4476,Caulder,KingKupoh
2,4476,Caulder,zielinskigr
1,4473,Tabitha,ePiiC PaNiiC
2,4473,Zhaotiantong,JTQWN
1,4472,Penny,FindMyNeotank
2,4472,Tabitha,ReZurRekt843
1,4471,Caulder,Akubjay
2,4471,Lin,Lordofcold
1,4469,Tasha,PhantomFullForce
2,4469,Hawk,JTQWN
1,4468,Tabitha,Aidan
2,4468,Tabitha,Antihero
1,4467,Forsythe,Antihero
2,4467,Lin,TheManCalledBen
1,4466,Isabella,Operation Mechstorm
2,4466,Tinker,Sgt.Chloride
1,4465,Forsythe,PhantomFullForce
2,4465,Forsythe,JTQWN
1,4464,Penny,Fluttyx
2,4464,Zhaotiantong,JTQWN
1,4463,Forsythe,Lordofcold
2,4463,Hawk,Tee Lord
1,4462,Grat,Villefort
2,4462,Penny,Fluttyx
1,4458,Zhaotiantong,FindMyNeotank
2,4458,Gage,Tee Lord
1,4457,Forsythe,PhantomFullForce
2,4457,Lin,Antihero
1,4455,Brenner,Barondoctor
2,4455,Lin,zielinskigr
1,4452,Lin,atz9999
2,4452,Gage,Tee Lord
1,4451,Zhaotiantong,Antihero
2,4451,Zhaotiantong,Mini Nini
1,4450,Forsythe,DM11
2,4450,Will,Plague
1,4448,Forsythe,MihoNishizumi
2,4448,Waylon,Blaze
1,4444,Lin,Lordofcold
2,4444,Gage,Tee Lord
1,4442,Tabitha,GM667_
2,4442,Gage,Pistolaceo
1,4441,Caulder,Antihero
2,4441,Tabitha,ReZurRekt843
1,4440,Tabitha,Tee Lord
2,4440,Tabitha,Antihero
1,4438,Forsythe,JTQWN
2,4438,Tabitha,Curiosity
1,4437,Will,SparkFox
2,4437,Caulder,TheManCalledBen
1,4436,Caulder,Adept999
2,4436,Penny,FindMyNeotank
1,4434,Caulder,zielinskigr
2,4434,Penny,JTQWN
1,4433,Penny,Nanao
2,4433,Caulder,zielinskigr
1,4432,Penny,FindMyNeotank
2,4432,Penny,Deremius
1,4431,Brenner,Aidan
2,4431,Tabitha,overlordto12
1,4423,Penny,SparkFox
2,4423,Forsythe,Nuclear Rat
1,4421,Will,Whealy
2,4421,Tabitha,Napoleon
1,4420,Lin,magicalpuffin
2,4420,Will,Mini Nini
1,4416,Tabitha,FindMyNeotank
2,4416,Penny,Zerobillion
1,4415,Lin,atz9999
2,4415,Hawk,Deremius
1,4414,Isabella,twan
2,4414,Isabella,Sora
1,4413,Tinker,SparkFox
2,4413,Zhaotiantong,EBSY
1,4412,Forsythe,JTQWN
2,4412,Penny,Sgt.Chloride
1,4411,Waylon,SparkFox
2,4411,Forsythe,JTQWN
1,4410,Tabitha,Profeta7
2,4410,Lin,NeroZonbolt
1,4409,Forsythe,PhantomFullForce
2,4409,Gage,Nebula
1,4408,Lin,Syntated
2,4408,Forsythe,Mewtwo
1,4407,Forsythe,levelport
2,4407,Tabitha,LuarSoleil
1,4400,Forsythe,levelport
2,4400,Brenner,Sgt.Chloride
1,4396,Lin,Nuclear Rat
2,4396,Forsythe,Mauwus
1,4392,Will,Sgt.Chloride
2,4392,Lee,joebrooklyn39
1,4391,Tabitha,Tee Lord
2,4391,Tabitha,Sgt.Chloride
1,4389,Hawk,Pit89
2,4389,Tinker,Saiky27
1,4388,Isabella,Napoleon
2,4388,Brenner,zielinskigr
1,4387,Tasha,PawnPusher
2,4387,Isabella,Napoleon
1,4384,Caulder,Saiky27
2,4384,Penny,StaleBread
1,4383,Will,NeroZonbolt
2,4383,Tabitha,NMX2
1,4382,Brenner,thermaldyn
2,4382,Brenner,Deejus
1,4381,Tasha,Sgt.Chloride
2,4381,Isabella,Hurricane_Slash
1,4380,Hawk,atz9999
2,4380,Tabitha,Zerobillion
1,4379,Tabitha,NMX2
2,4379,Zhaotiantong,Penny!
1,4376,Gage,Syntated
2,4376,Lin,GM667_
1,4374,Will,Geko
2,4374,Gage,MihoNishizumi
1,4373,Hawk,Deremius
2,4373,Lin,GM667_
1,4372,Lee,Mewtwo
2,4372,Lee,TMQs
1,4371,Lee,rmac
2,4371,Tabitha,KaelDra27
1,4370,Penny,Arckos
2,4370,Penny,Antihero
1,4369,Tabitha,KaelDra27
2,4369,Tabitha,ReZurRekt843
1,4367,Penny,Sliicer
2,4367,Forsythe,Lordofcold
1,4363,Will,Whealy
2,4363,Zhaotiantong,Penny!
1,4362,Waylon,overlordto12
2,4362,Brenner,PhantomFullForce
1,4361,Waylon,xrumblingcdsx
2,4361,Grat,Saiky27
1,4360,Tabitha,Saiky27
2,4360,Tasha,overlordto12
1,4358,Lin,Saiky27
2,4358,Brenner,PhantomFullForce
1,4357,Grat,不是icy
2,4357,Isabella,DM11
1,4356,Penny,zielinskigr
2,4356,Forsythe,PhantomFullForce
1,4353,Will,Lordofcold
2,4353,Will,Mini Nini
1,4352,Tabitha,FindMyNeotank
2,4352,Caulder,zielinskigr
1,4351,Greyfield,KaelDra27
2,4351,Brenner,Adept999
1,4350,Penny,bigou
2,4350,Penny,Curiosity
1,4348,Tabitha,KaelDra27
2,4348,Penny,TMQs
1,4347,Tabitha,LuarSoleil
2,4347,Penny,bigou
1,4345,Gage,FindMyNeotank
2,4345,Will,DM11
1,4342,Gage,Migreo
2,4342,Hawk,Spartacous
1,4340,Lin,Geko
2,4340,Tasha,Sora
1,4336,Tasha,DM11
2,4336,Waylon,Frodoor
1,4335,Brenner,King Arthur
2,4335,Isabella,Mauwus
1,4334,Grat,joebrooklyn39
2,4334,Isabella,twan
1,4333,Tabitha,Penny!
2,4333,Tabitha,KaelDra27
1,4332,Penny,DC290
2,4332,Mira,Chan ' tcho
1,4331,Caulder,Arckos
2,4331,Caulder,Tayufa
1,4330,Will,Penny!
2,4330,Forsythe,Deremius
1,4327,Zhaotiantong,Penny!
2,4327,Caulder,KingKupoh
1,4326,Tasha,Rush_FTK
2,4326,Waylon,King Arthur
1,4325,Penny,BusterBeachside
2,4325,Will,Hurricane_Slash
1,4324,Forsythe,bigou
2,4324,Forsythe,Barondoctor
1,4323,Tabitha,NMX2
2,4323,Caulder,zielinskigr
1,4322,Zhaotiantong,Penny!
2,4322,Tabitha,Fluttyx
1,4320,Tabitha,FindMyNeotank
2,4320,Tabitha,ePiiC PaNiiC
1,4318,(No CO),Tayufa
2,4318,Waylon,bigou
1,4316,Brenner,PhantomFullForce
2,4316,Forsythe,Raguna
1,4312,Mira,Mini Nini
2,4312,Hawk,King Arthur
1,4309,Waylon,DM11
2,4309,Isabella,King Arthur
1,4308,Penny,Fluttyx
2,4308,Gage,Tee Lord
1,4307,Isabella,Fluttyx
2,4307,Isabella,GM667_
1,4304,Isabella,Lordofcold
2,4304,Isabella,Average__Joe
1,4303,Tabitha,Tee Lord
2,4303,Tabitha,Aimline
1,4302,Waylon,wolf_71
2,4302,Tabitha,sarastro
1,4301,Isabella,DM11
2,4301,Grat,RayKadoodles
1,4300,Tabitha,Moot
2,4300,Zhaotiantong,JTQWN
1,4299,Hawk,Fluttyx
2,4299,Penny,BusterBeachside
1,4297,Hawk,thermaldyn
2,4297,Brenner,Mauwus
1,4296,Hawk,Fluttyx
2,4296,Hawk,PawnPusher
1,4295,Will,King Arthur
2,4295,Gage,Adept999
1,4294,Lin,Pistolaceo
2,4294,Gage,Syntated
1,4293,Zhaotiantong,Antihero
2,4293,Grat,VIIIxBraixen
1,4291,Penny,joebrooklyn39
2,4291,Will,Whealy
1,4288,Brenner,GM667_
2,4288,Brenner,Napoleon
1,4287,Tabitha,JTQWN
2,4287,Tabitha,Whealy
1,4285,Grat,Divva
2,4285,Grat,TheManCalledBen
1,4283,Zhaotiantong,Penny!
2,4283,Tabitha,BeansChabier
1,4282,Hawk,Rodrigo Rosas
2,4282,Will,Saiky27
1,4281,Tabitha,Tee Lord
2,4281,Lin,Geko
1,4280,Tabitha,purifierwarmech
2,4280,Tabitha,Nuclear Rat
1,4279,Tabitha,Adept999
2,4279,Tinker,Spartacous
1,4278,Forsythe,zielinskigr
2,4278,Forsythe,Spartacous
1,4275,Forsythe,Penny!
2,4275,Forsythe,Deremius
1,4274,Tabitha,Zerobillion
2,4274,Tabitha,Napoleon
1,4266,Tabitha,Nuclear Rat
2,4266,Tabitha,Villefort
1,4263,Brenner,Ace737
2,4263,Brenner,NeroZonbolt
1,4262,Caulder,Curiosity
2,4262,Tabitha,Penny!
1,4259,Tabitha,Aidan
2,4259,Will,Geko
1,4255,Grat,Brandon_Burgh
2,4255,Caulder,Whealy
1,4249,Will,Deejus
2,4249,Will,Adept999
1,4248,Penny,FindMyNeotank
2,4248,Will,thermaldyn
1,4246,Penny,JTQWN
2,4246,Penny,ePiiC PaNiiC
1,4245,Waylon,Frodoor
2,4245,Tabitha,Plague
1,4244,Hawk,Mewtwo
2,4244,Forsythe,Brandon_Burgh
1,4243,Will,Nuclear Rat
2,4243,Penny,FindMyNeotank
1,4242,Penny,FindMyNeotank
2,4242,Forsythe,Mauwus
1,4241,Penny,Zerobillion
2,4241,Forsythe,FindMyNeotank
1,4238,Tasha,Rodrigo Rosas
2,4238,Mira,TMQs
1,4236,Isabella,Antihero
2,4236,Lin,zielinskigr
1,4235,Isabella,Average__Joe
2,4235,Isabella,Akubjay
1,4234,Brenner,PhantomFullForce
2,4234,Brenner,zielinskigr
1,4232,Hawk,Divva
2,4232,Waylon,JTQWN
1,4229,Will,sarastro
2,4229,Lee,Rush_FTK
1,4227,Forsythe,Rodrigo Rosas
2,4227,Lee,ePiiC PaNiiC
1,4221,Lee,Shmoequey
2,4221,Caulder,Napoleon
1,4219,Grat,Shmoequey
2,4219,Tabitha,NMX2
1,4218,Waylon,JTQWN
2,4218,Zhaotiantong,Penny!
1,4216,Gage,zielinskigr
2,4216,Tabitha,NMX2
1,4213,Zhaotiantong,FindMyNeotank
2,4213,Zhaotiantong,thermaldyn
1,4208,Tabitha,FindMyNeotank
2,4208,Lin,King Arthur
1,4207,Waylon,DM11
2,4207,Forsythe,FindMyNeotank
1,4203,Will,BusterBeachside
2,4203,Tabitha,Shmoequey
1,4197,Waylon,MihoNishizumi
2,4197,Will,Geko
1,4196,Isabella,Hurricane_Slash
2,4196,Waylon,KaelDra27
1,4195,Gage,Tee Lord
2,4195,Tasha,atz9999
1,4194,Tabitha,Darqspeaker
2,4194,Brenner,Ace737
1,4193,Brenner,DM11
2,4193,Greyfield,Adept999
1,4191,Isabella,Whealy
2,4191,Isabella,Average__Joe
1,4188,Tasha,KaelDra27
2,4188,Hawk,Deremius
1,4183,Zhaotiantong,FindMyNeotank
2,4183,Lee,Deremius
1,4182,Grat,KaelDra27
2,4182,Forsythe,thermaldyn
1,4181,Tabitha,Antihero
2,4181,Tabitha,KaelDra27
1,4180,Penny,zielinskigr
2,4180,Brenner,Aidan
1,4179,Brenner,Aidan
2,4179,Brenner,PhantomFullForce
1,4178,Brenner,Darq
2,4178,Lin,PhantomFullForce
1,4177,Lin,IDSSleeperAgent
2,4177,Mira,Antihero
1,4175,Brenner,DM11
2,4175,Brenner,KaelDra27
1,4174,Brenner,ReZurRekt843
2,4174,Caulder,Darq
1,4171,Waylon,Pistolaceo
2,4171,Lin,GM667_
1,4170,Will,DM11
2,4170,Brenner,overlordto12
1,4169,Gage,Mauwus
2,4169,Lee,DM11
1,4167,Tasha,Adept999
2,4167,Mira,Zerobillion
1,4165,Waylon,NeroZonbolt
2,4165,Gage,PhantomFullForce
1,4164,Lin,Lordofcold
2,4164,Zhaotiantong,Mini Nini
1,4162,Penny,Migreo
2,4162,Penny,ePiiC PaNiiC
1,4161,Waylon,JTQWN
2,4161,Waylon,bigou
1,4160,(No CO),Nebula
2,4160,Brenner,PhantomFullForce
1,4159,Greyfield,Adept999
2,4159,Waylon,Mauwus
1,4158,Isabella,Fluttyx
2,4158,Lee,Rodrigo Rosas
1,4157,Penny,NeroZonbolt
2,4157,Zhaotiantong,Zerobillion
1,4155,Brenner,Lordofcold
2,4155,Caulder,Average__Joe
1,4154,Forsythe,laoliu
2,4154,Penny,bigou
1,4151,Grat,不是icy
2,4151,Isabella,sarastro
1,4150,Brenner,Ivashanko
2,4150,Brenner,GM667_
1,4149,Caulder,ePiiC PaNiiC
2,4149,Will,Divva
1,4147,Forsythe,woshiwaiguoren
2,4147,Grat,Nuclear Rat
1,4145,Isabella,Fluttyx
2,4145,Penny,zielinskigr
1,4144,Isabella,Fluttyx
2,4144,Isabella,GM667_
1,4141,Isabella,RayKadoodles
2,4141,Isabella,Akubjay
1,4140,Caulder,Tayufa
2,4140,Zhaotiantong,Arckos
1,4139,Tabitha,Heartfire
2,4139,Brenner,ReZurRekt843
1,4138,Tabitha,KaelDra27
2,4138,Grat,Villefort
1,4134,Tabitha,zielinskigr
2,4134,Zhaotiantong,Antihero
1,4133,Penny,Mauwus
2,4133,Penny,Rush_FTK
1,4116,Brenner,Raguna
2,4116,Brenner,Profeta7
1,4115,Penny,NeroZonbolt
2,4115,Mira,FindMyNeotank
1,4114,Lin,Chan ' tcho
2,4114,Tasha,Average__Joe
1,4113,Waylon,bigou
2,4113,Will,FumBlum
1,4112,Forsythe,Ivashanko
2,4112,Brenner,Sgt.Chloride
1,4109,Lin,Astady
2,4109,Brenner,Barondoctor
1,4108,Gage,Spartacous
2,4108,Grat,Astady
1,4107,Tasha,King Arthur
2,4107,Tasha,Mauwus
1,4104,Tabitha,tingle
2,4104,Tabitha,FindMyNeotank
1,4102,Isabella,Antihero
2,4102,Tabitha,Aimline
1,4100,Will,joebrooklyn39
2,4100,Hawk,Deremius
1,4095,Isabella,Whealy
2,4095,Will,JTQWN
1,4091,Will,King Arthur
2,4091,Forsythe,Mewtwo
1,4088,Tabitha,Nuclear Rat
2,4088,Greyfield,trigue92
1,4084,Gage,Tee Lord
2,4084,Tabitha,Villefort
1,4080,Zhaotiantong,Deremius
2,4080,Isabella,GM667_
1,4078,Forsythe,PhantomFullForce
2,4078,Forsythe,Spartacous
1,4076,Will,Hurricane_Slash
2,4076,Penny,BusterBeachside
1,4075,Caulder,Darq
2,4075,Will,Aidan
1,4073,Penny,Divva
2,4073,Grat,TheManCalledBen
1,4071,Brenner,Wellaran
2,4071,Forsythe,Pistolaceo
1,4068,Penny,BusterBeachside
2,4068,Will,Hurricane_Slash
1,4067,Grat,Wellaran
2,4067,Hawk,Xyros
1,4064,Tabitha,Mauwus
2,4064,Tabitha,SparkFox
1,4063,Penny,Darq
2,4063,Lin,SparkFox
1,4062,Brenner,TheManCalledBen
2,4062,Brenner,KaelDra27
1,4061,Penny,KaelDra27
2,4061,Caulder,Lordofcold
1,4057,Lee,DM11
2,4057,Grat,TMQs
1,4056,Brenner,Napoleon
2,4056,Grat,Raguna
1,4055,Waylon,Napoleon
2,4055,Waylon,twan
1,4048,Forsythe,PhantomFullForce
2,4048,Will,thermaldyn
1,4045,Tinker,overlordto12
2,4045,Penny,DaGinga
1,4044,Gage,Astady
2,4044,Brenner,Barondoctor
1,4042,Will,King Arthur
2,4042,Tabitha,KaelDra27
1,4041,Hawk,Spartacous
2,4041,Waylon,King Arthur
1,4038,Tabitha,Aidan
2,4038,Greyfield,Mauwus
1,4036,Tabitha,zielinskigr
2,4036,Will,Anabella
1,4034,Hawk,King Arthur
2,4034,Gage,Tee Lord
1,4033,Forsythe,Deejus
2,4033,Forsythe,DM11
1,4032,Zhaotiantong,FindMyNeotank
2,4032,Grat,DM11
1,4029,Caulder,twan
2,4029,Isabella,Hurricane_Slash
1,4024,Tabitha,Darq
2,4024,Tabitha,Heartfire
1,4023,Isabella,GM667_
2,4023,Isabella,Fluttyx
1,4022,(No CO),joebrooklyn39
2,4022,Waylon,Sgt.Chloride
1,4021,Isabella,Nuclear Rat
2,4021,Forsythe,Spartacous
1,4020,Tabitha,woshiwaiguoren
2,4020,Penny,Sliicer
1,4016,Forsythe,Whealy
2,4016,Brenner,Gamer #963
1,4013,Will,Gamer #963
2,4013,Gage,Comcap
1,4009,Caulder,Shmoequey
2,4009,Tinker,Comcap
1,4006,Caulder,Frodoor
2,4006,Penny,Rush_FTK
1,4005,Caulder,TheManCalledBen
2,4005,Lin,Saiky27
1,4004,Hawk,Saiky27
2,4004,Lee,DM11
1,4003,Brenner,Gamer #963
2,4003,Tabitha,NMX2
1,4002,Caulder,Antihero
2,4002,Tabitha,Spartacous
1,4001,Tabitha,LuarSoleil
2,4001,(No CO),Migreo
1,3999,Brenner,xrumblingcdsx
2,3999,Forsythe,Saiky27
1,3998,Lee,Zerobillion
2,3998,Lee,DM11
1,3994,Will,ReZurRekt843
2,3994,Lin,JustCallMeJcm
1,3993,Forsythe,Wheemst
2,3993,Lin,Ivashanko
1,3992,Will,BusterBeachside
2,3992,Forsythe,Shmoequey
1,3989,Grat,Gamer #963
2,3989,Brenner,Raguna
1,3986,Brenner,Slime900
2,3986,Forsythe,PhantomFullForce
1,3977,Forsythe,levelport
2,3977,Tabitha,Spartacous
1,3974,Tabitha,KaelDra27
2,3974,Tabitha,FindMyNeotank
1,3973,Will,0x25B2
2,3973,Penny,ePiiC PaNiiC
1,3968,Tasha,King Arthur
2,3968,Zhaotiantong,FindMyNeotank
1,3966,Brenner,FindMyNeotank
2,3966,Tabitha,Saiky27
1,3964,Brenner,Adept999
2,3964,Isabella,Saiky27
1,3963,Will,Spartacous
2,3963,Caulder,Abreu
1,3959,Lin,DM11
2,3959,Hawk,King Arthur
1,3954,Will,!try!
2,3954,Will,Chan ' tcho
1,3951,Lin,SparkFox
2,3951,Isabella,Tayufa
1,3950,Forsythe,Pop Tart
2,3950,Penny,Arckos
1,3949,Penny,Tayufa
2,3949,Tinker,Airmaster
1,3948,Will,Raguna
2,3948,Hawk,Pit89
1,3943,Tabitha,Hurricane_Slash
2,3943,Lee,d_def
1,3942,Waylon,Shmoequey
2,3942,Isabella,twan
1,3940,Tabitha,Tee Lord
2,3940,Lin,Geko
1,3939,Tasha,Chan ' tcho
2,3939,Penny,Average__Joe
1,3938,Tabitha,Spartacous
2,3938,Tabitha,Nuclear Rat
1,3936,Caulder,Wellaran
2,3936,Tinker,KaelDra27
1,3932,Tabitha,Nuclear Rat
2,3932,Tinker,ReZurRekt843
1,3931,Tabitha,BusterBeachside
2,3931,Lin,Gash
1,3928,Penny,Sliicer
2,3928,Tabitha,Aimline
1,3927,Brenner,Ivashanko
2,3927,Penny,joebrooklyn39
1,3925,Brenner,Plague
2,3925,Brenner,Rush_FTK
1,3919,Tabitha,Goldfinger212
2,3919,Brenner,Whealy
1,3913,Mira,thermaldyn
2,3913,Brenner,PhantomFullForce
1,3908,Tinker,FindMyNeotank
2,3908,Tabitha,Antihero
1,3906,Gage,Raguna
2,3906,Mira,Comcap
1,3903,Tabitha,Profeta7
2,3903,Tabitha,d_def
1,3902,Brenner,overlordto12
2,3902,Tabitha,Average__Joe
1,3897,Forsythe,Creed
2,3897,Forsythe,EbrattPitt
1,3896,Lin,Pop Tart
2,3896,Lee,Antihero
1,3895,Penny,DC290
2,3895,Lin,KaelDra27
1,3894,Will,Frodoor
2,3894,Gage,Adept999
1,3892,Tabitha,Antihero
2,3892,Waylon,Venusaur03
1,3890,Brenner,Hurricane_Slash
2,3890,Forsythe,HeyItsBre
1,3889,Isabella,Ghillieguy52
2,3889,Isabella,Deremius
1,3887,Penny,Comcap
2,3887,Gage,Syntated
1,3885,Will,Antihero
2,3885,Lin,Lordofcold
1,3884,Will,Hungryperson
2,3884,Brenner,zielinskigr
1,3879,Lin,Aidan
2,3879,Lin,PhantomFullForce
1,3878,Isabella,RayKadoodles
2,3878,Brenner,Mauwus
1,3873,Greyfield,KaelDra27
2,3873,Tabitha,Venusaur03
1,3872,Tabitha,BeansChabier
2,3872,Gage,Hummus King
1,3871,Hawk,Deremius
2,3871,Grat,Nebula
1,3864,Isabella,Mauwus
2,3864,Tabitha,Aimline
1,3859,Isabella,Hurricane_Slash
2,3859,Forsythe,SparkFox
1,3857,(No CO),MihoNishizumi
2,3857,Caulder,King Arthur
1,3856,Grat,Geko
2,3856,Brenner,SparkFox
1,3855,Brenner,Hummus King
2,3855,Lin,DM11
1,3849,Isabella,GM667_
2,3849,Greyfield,twan
1,3845,Brenner,Nuclear Rat
2,3845,Gage,Hummus King
1,3843,Tabitha,Hungryperson
2,3843,Gage,levelport
1,3842,Grat,twan
2,3842,Isabella,Napoleon
1,3839,Hawk,Pop Tart
2,3839,Zhaotiantong,FindMyNeotank
1,3837,Mira,dpsi
2,3837,Gage,TMQs
1,3836,Grat,dpsi
2,3836,Will,TMQs
1,3835,Zhaotiantong,Comcap
2,3835,Lee,dpsi
1,3834,Penny,Hummus King
2,3834,Isabella,dpsi
1,3833,(No CO),twan
2,3833,Brenner,LenWan
1,3832,Brenner,FindMyNeotank
2,3832,Brenner,Spartacous
1,3831,Forsythe,Forgotten Marshal
2,3831,Hawk,Operation Mechstorm
1,3829,Isabella,TheManCalledBen
2,3829,Isabella,Darqspeaker
1,3826,Lin,Astady
2,3826,Brenner,Barondoctor
1,3825,Brenner,dpsi
2,3825,Brenner,King Arthur
1,3820,Brenner,Deejus
2,3820,Zhaotiantong,FindMyNeotank
1,3819,Lin,Akubjay
2,3819,Will,Lordofcold
1,3817,Will,Saiky27
2,3817,Zhaotiantong,Zerobillion
1,3816,Hawk,FindMyNeotank
2,3816,Waylon,PhantomFullForce
1,3815,Tabitha,tingle
2,3815,Forsythe,Forgotten Marshal
1,3814,Brenner,killman737
2,3814,Penny,joebrooklyn39
1,3810,Tasha,Spartacous
2,3810,Tinker,Shmoequey
1,3809,Grat,Wellaran
2,3809,Grat,trigue92
1,3804,Isabella,DM11
2,3804,Lee,Laks
1,3803,Forsythe,Rtyneof
2,3803,Brenner,TONK
1,3801,Tabitha,Darqspeaker
2,3801,Tabitha,Mangs
1,3800,Forsythe,DaGinga
2,3800,Forsythe,DM11
1,3792,Gage,NeroZonbolt
2,3792,Tabitha,Profeta7
1,3790,Will,King Arthur
2,3790,Tabitha,Spartacous
1,3789,Penny,Divva
2,3789,Tabitha,ePiiC PaNiiC
1,3788,Forsythe,Gash
2,3788,Forsythe,Forgotten Marshal
1,3787,Waylon,Shmoequey
2,3787,Forsythe,Rtyneof
1,3785,Lin,zielinskigr
2,3785,Tabitha,levelport
1,3784,Tabitha,BusterBeachside
2,3784,Tabitha,KaelDra27
1,3781,Gage,Geko
2,3781,Caulder,Antihero
1,3779,Zhaotiantong,FindMyNeotank
2,3779,Caulder,Zerobillion
1,3776,Isabella,Rush_FTK
2,3776,Penny,不是icy
1,3774,Forsythe,Rtyneof
2,3774,Lin,Hummus King
1,3770,Lin,Saiky27
2,3770,Forsythe,PhantomFullForce
1,3769,Tabitha,NMX2
2,3769,(No CO),Saiky27
1,3767,Tabitha,Aidan
2,3767,Penny,Darqspeaker
1,3766,Will,Abreu
2,3766,Will,Akubjay
1,3760,Brenner,Raguna
2,3760,Grat,twan
1,3758,Brenner,dpsi
2,3758,Forsythe,Rtyneof
1,3757,Tabitha,KaelDra27
2,3757,Waylon,Mangs
1,3749,Penny,King Arthur
2,3749,Forsythe,zielinskigr
1,3743,Isabella,DM11
2,3743,Gage,NeroZonbolt
1,3737,Will,Raguna
2,3737,Hawk,Whealy
1,3734,Forsythe,Runglo
2,3734,Brenner,zielinskigr
1,3733,Will,GM667_
2,3733,Isabella,Wellaran
1,3732,(No CO),Goldfinger212
2,3732,Hawk,Wellaran
1,3731,Brenner,Wellaran
2,3731,Forsythe,Lionhert2005
1,3730,Penny,Mauwus
2,3730,Tabitha,Aimline
1,3729,Penny,woshiwaiguoren
2,3729,Tabitha,Deejus
1,3728,Zhaotiantong,!try!
2,3728,Hawk,Raguna
1,3727,Zhaotiantong,Divva
2,3727,Hawk,King Arthur
1,3726,Lin,FindMyNeotank
2,3726,Greyfield,Chan ' tcho
1,3725,Isabella,FindMyNeotank
2,3725,Isabella,Average__Joe
1,3724,Lee,KaelDra27
2,3724,Forsythe,SparkFox
1,3720,Isabella,Average__Joe
2,3720,Tabitha,KaelDra27
1,3719,Grat,Saiky27
2,3719,Penny,Zerobillion
1,3715,Gage,PhantomFullForce
2,3715,Will,Akashichi
1,3713,Lee,DM11
2,3713,Lin,Nuclear Rat
1,3710,Zhaotiantong,Deremius
2,3710,Gage,Wellaran
1,3707,Gage,Tee Lord
2,3707,Brenner,Darqspeaker
1,3703,Caulder,twan
2,3703,Forsythe,BusterBeachside
1,3701,Waylon,Wellaran
2,3701,Hawk,King Arthur
1,3700,Mira,Wellaran
2,3700,Tabitha,Divva
1,3698,Hawk,Wellaran
2,3698,Hawk,Noxmare
1,3696,Mira,Wellaran
2,3696,Brenner,Divva
1,3694,Isabella,Geko
2,3694,Gage,Tee Lord
1,3693,Will,Wellaran
2,3693,Forsythe,Syntated
1,3692,Will,Divva
2,3692,Will,PhantomFullForce
1,3686,Penny,Abreu
2,3686,Tasha,Adept999
1,3679,Hawk,Wellaran
2,3679,Forsythe,Forgotten Marshal
1,3677,Penny,Zerobillion
2,3677,Grat,Antihero
1,3670,Waylon,Chan ' tcho
2,3670,Hawk,DC290
1,3669,Tabitha,TheManCalledBen
2,3669,Will,Divva
1,3668,Tabitha,zielinskigr
2,3668,Brenner,Aidan
1,3667,Tabitha,Geko
2,3667,Lee,Saiky27
1,3666,Brenner,Silence 
2,3666,Forsythe,PhantomFullForce
1,3660,Lin,Nath
2,3660,Penny,joebrooklyn39
1,3653,Forsythe,Mauwus
2,3653,Isabella,overlordto12
1,3649,Will,Divva
2,3649,Tabitha,Saiky27
1,3646,Lin,Sora
2,3646,Will,BusterBeachside
1,3644,Lin,KaelDra27
2,3644,Greyfield,Chan ' tcho
1,3643,Isabella,Mauwus
2,3643,Brenner,SparkFox
1,3641,Tabitha,Chan ' tcho
2,3641,Will,BusterBeachside
1,3639,Penny,LotLaPecera
2,3639,Penny,BusterBeachside
1,3638,Brenner,Adept999
2,3638,Tabitha,Spartacous
1,3635,Isabella,Arckos
2,3635,Penny,不是icy
1,3633,Lin,Darq
2,3633,Forsythe,Rtyneof
1,3630,Greyfield,Wifehaver69 
2,3630,Brenner,NeroZonbolt
1,3628,Isabella,RayKadoodles
2,3628,(No CO),Akubjay
1,3627,Grat,bigmoneybigwomenbigf
2,3627,Brenner,SparkFox
1,3623,(No CO),Rtyneof
2,3623,Forsythe,NeroZonbolt
1,3622,Tabitha,Spartacous
2,3622,Tabitha,Gears
1,3620,Tinker,LeLieuTenant
2,3620,Forsythe,RamblinEvilMushroom
1,3618,Forsythe,Airmaster
2,3618,Lee,overlordto12
1,3616,Penny,King Arthur
2,3616,Penny,BeansChabier
1,3615,Will,RonEmeraldia
2,3615,Hawk,TMQs
1,3614,Brenner,Deejus
2,3614,Brenner,Zerobillion
1,3605,Waylon,Blaze
2,3605,Isabella,Wellaran
1,3604,Greyfield,Zerobillion
2,3604,Waylon,Frodoor
1,3602,Lin,Sora
2,3602,Brenner,PhantomFullForce
1,3600,Gage,Astady
2,3600,Brenner,Barondoctor
1,3599,Will,LenWan
2,3599,Tabitha,King Arthur
1,3597,Hawk,TMQs
2,3597,Mira,Comcap
1,3595,Lin,wolf_71
2,3595,Lin,ePiiC PaNiiC
1,3593,Waylon,overlordto12
2,3593,Zhaotiantong,FindMyNeotank
1,3592,Penny,Sliicer
2,3592,Forsythe,Frodoor
1,3590,Tabitha,Antihero
2,3590,Tabitha,Spartacous
1,3588,Forsythe,PhantomFullForce
2,3588,Grat,Nuclear Rat
1,3583,Brenner,Nuclear Rat
2,3583,Forsythe,Spartacous
1,3581,Will,Hurricane_Slash
2,3581,Grat,KaelDra27
1,3580,Forsythe,PhantomFullForce
2,3580,Grat,Saiky27
1,3578,Penny,Maleous
2,3578,Penny,sarastro
1,3574,Tabitha,LotLaPecera
2,3574,Penny,不是icy
1,3573,Tinker,FindMyNeotank
2,3573,Grat,Advance_N
1,3561,Brenner,Nuclear Rat
2,3561,Brenner,LotLaPecera
1,3560,Hawk,IndirectBomber2
2,3560,Tabitha,DM11
1,3553,Penny,fuzzygenie
2,3553,Tinker,Chan ' tcho
1,3552,Tasha,fuzzygenie
2,3552,Isabella,Hurricane_Slash
1,3548,Tabitha,NMX2
2,3548,Tasha,Mauwus
1,3547,Isabella,Antihero
2,3547,Lin,FindMyNeotank
1,3546,Tabitha,Saiky27
2,3546,Isabella,Antihero
1,3545,Tabitha,Antihero
2,3545,Forsythe,PhantomFullForce
1,3544,Grat,Krolan
2,3544,Grat,fuzzygenie
1,3539,Zhaotiantong,Airmaster
2,3539,Grat,Krolan
1,3538,Zhaotiantong,Spartacous
2,3538,Zhaotiantong,Krolan
1,3536,Caulder,Airmaster
2,3536,Grat,Nuclear Rat
1,3532,Will,Geko
2,3532,Gage,Antihero
1,3520,Mira,Noxmare
2,3520,Penny,Zerobillion
1,3519,Brenner,Lordofcold
2,3519,Forsythe,Divva
1,3518,Grat,Zerobillion
2,3518,Lee,DaGinga
1,3515,Isabella,Venusaur03
2,3515,Tabitha,NeroZonbolt
1,3514,Penny,Zerobillion
2,3514,Forsythe,Frodoor
1,3512,Forsythe,NeroZonbolt
2,3512,Tabitha,KaelDra27
1,3511,Waylon,Divva
2,3511,Grat,Spartacous
1,3510,Will,Deejus
2,3510,Tabitha,Saiky27
1,3508,Isabella,Hurricane_Slash
2,3508,Tabitha,NeroZonbolt
1,3507,Penny,KaelDra27
2,3507,Forsythe,PhantomFullForce
1,3506,Will,Adept999
2,3506,Forsythe,Lordofcold
1,3505,Will,Noxmare
2,3505,Lin,Zerobillion
1,3500,Tabitha,Spartacous
2,3500,Waylon,Airmaster
1,3495,Lin,Lordofcold
2,3495,Lin,Nuclear Rat
1,3494,Tinker,KaelDra27
2,3494,Lin,LeLieuTenant
1,3493,Penny,zielinskigr
2,3493,Greyfield,Spartacous
1,3492,Forsythe,purifierwarmech
2,3492,Penny,ePiiC PaNiiC
1,3490,Hawk,TheManCalledBen
2,3490,Lin,Lordofcold
1,3489,Will,Divva
2,3489,Gage,zielinskigr
1,3485,Penny,Fukuda
2,3485,Penny,woshiwaiguoren
1,3484,Lin,ePiiC PaNiiC
2,3484,Zhaotiantong,woshiwaiguoren
1,3478,Penny,Venusaur03
2,3478,Tabitha,NeroZonbolt
1,3477,Penny,FindMyNeotank
2,3477,Forsythe,PhantomFullForce
1,3476,Will,Akubjay
2,3476,Penny,Maleous
1,3473,Isabella,RayKadoodles
2,3473,Tabitha,Saiky27
1,3472,Tabitha,Deejus
2,3472,Tabitha,Saiky27
1,3471,Tasha,Darqspeaker
2,3471,Isabella,TheManCalledBen
1,3469,Tabitha,KaelDra27
2,3469,Tabitha,NeroZonbolt
1,3468,Penny,FindMyNeotank
2,3468,Forsythe,PhantomFullForce
1,3465,Lee,Antihero
2,3465,Hawk,Airmaster
1,3464,Penny,Zerobillion
2,3464,Brenner,zielinskigr
1,3463,Brenner,Maleous
2,3463,Brenner,DaGinga
1,3461,Lin,FindMyNeotank
2,3461,Will,overlordto12
1,3459,Forsythe,zielinskigr
2,3459,Isabella,Average__Joe
1,3455,Isabella,Spartacous
2,3455,Isabella,Deejus
1,3453,Isabella,RayKadoodles
2,3453,Brenner,woshiwaiguoren
1,3449,Greyfield,overlordto12
2,3449,Waylon,SparkFox
1,3447,Brenner,Aidan
2,3447,Lin,Shmoequey
1,3444,Penny,zielinskigr
2,3444,Tasha,fuzzygenie
1,3441,Tabitha,不是icy
2,3441,Tabitha,Saiky27
1,3440,Tabitha,Saiky27
2,3440,Lin,Frodoor
1,3439,Mira,Zerobillion
2,3439,Grat,Nuclear Rat
1,3438,Grat,Astady
2,3438,Brenner,Airmaster
1,3436,Grat,Astady
2,3436,Tabitha,DaGinga
1,3430,Isabella,SparkFox
2,3430,Penny,Ace737
1,3428,Forsythe,Geko
2,3428,Will,Shmoequey
1,3427,Penny,Anabella
2,3427,Mira,Krolan
1,3426,Tabitha,Saiky27
2,3426,Tabitha,Zerobillion
1,3425,Isabella,Astady
2,3425,Forsythe,Pop Tart
1,3424,Zhaotiantong,Geko
2,3424,Will,Spartacous
1,3423,Lin,BusterBeachside
2,3423,Tasha,Chan ' tcho
1,3421,Penny,zielinskigr
2,3421,Forsythe,SparkFox
1,3420,Forsythe,Spartacous
2,3420,Gage,KaelDra27
1,3416,Grat,twan
2,3416,Forsythe,Mauwus
1,3414,Isabella,sarastro
2,3414,Forsythe,不是icy
1,3411,Grat,Krolan
2,3411,Tasha,overlordto12
1,3409,Penny,不是icy
2,3409,Will,Akashichi
1,3408,Brenner,DaGinga
2,3408,Zhaotiantong,Krolan
1,3406,Mira,Zerobillion
2,3406,Forsythe,PhantomFullForce
1,3405,Brenner,SparkFox
2,3405,Mira,Nuclear Rat
1,3404,Isabella,KaelDra27
2,3404,Will,Noxmare
1,3403,Will,SparkFox
2,3403,Tabitha,KaelDra27
1,3401,Tinker,Krolan
2,3401,Will,Mauwus
1,3400,Brenner,zielinskigr
2,3400,Tabitha,bigmoneybigwomenbigf
1,3397,Lee,Airmaster
2,3397,Lin,Cheshirecat
1,3396,Greyfield,Spartacous
2,3396,Zhaotiantong,Antihero
1,3395,Tabitha,Darqspeaker
2,3395,Brenner,Antihero
1,3394,Forsythe,HeyItsBre
2,3394,Hawk,NMX2
1,3393,Zhaotiantong,Krolan
2,3393,Forsythe,Saiky27
1,3392,Tabitha,Krolan
2,3392,Tabitha,zielinskigr
1,3390,Brenner,woshiwaiguoren
2,3390,Greyfield,Adept999
1,3388,Brenner,Spartacous
2,3388,Zhaotiantong,Divva
1,3387,Isabella,Antihero
2,3387,Penny,FindMyNeotank
1,3386,Penny,Arckos
2,3386,Penny,Zerobillion
1,3383,Forsythe,Pop Tart
2,3383,Grat,Nuclear Rat
1,3381,Lin,Antihero
2,3381,Penny,Zerobillion
1,3380,Brenner,xrumblingcdsx
2,3380,Isabella,Saiky27
1,3379,Tinker,Cheshirecat
2,3379,Will,KaelDra27
1,3375,Caulder,CommanderLuciel
2,3375,Mira,Rush_FTK
1,3373,Lee,Rush_FTK
2,3373,Penny,不是icy
1,3372,Mira,Anabella
2,3372,Brenner,LeLieuTenant
1,3371,Lin,Rush_FTK
2,3371,Forsythe,Maleous
1,3370,Zhaotiantong,Divva
2,3370,Caulder,Saiky27
1,3369,Will,Airmaster
2,3369,Isabella,Tayufa
1,3368,Tabitha,Saiky27
2,3368,Penny,KaelDra27
1,3367,Tabitha,KaelDra27
2,3367,Greyfield,Saiky27
1,3366,Forsythe,Lordofcold
2,3366,Will,Chan ' tcho
1,3365,Gage,overlordto12
2,3365,Brenner,Coffee Lover
1,3364,Grat,Coffee Lover
2,3364,Will,overlordto12
1,3363,Tabitha,Saiky27
2,3363,Penny,Sliicer
1,3362,Brenner,WiNLord
2,3362,Brenner,Shmoequey
1,3361,Hawk,twan
2,3361,Grat,Astady
1,3360,Will,Gombel
2,3360,Forsythe,LeLieuTenant
1,3359,Brenner,twan
2,3359,Will,Boxabullets
1,3358,Lin,Rush_FTK
2,3358,Lin,Plague
1,3356,Tabitha,TheManCalledBen
2,3356,Penny,不是icy
1,3355,Zhaotiantong,Krolan
2,3355,Brenner,twan
1,3354,Grat,fuzzygenie
2,3354,Lee,twan
1,3352,Isabella,Antihero
2,3352,Lin,G47Rush
1,3349,Lin,Chan ' tcho
2,3349,Penny,Sliicer
1,3348,Will,Akubjay
2,3348,Lin,Lordofcold
1,3347,Penny,Gombel
2,3347,Isabella,SparkFox
1,3343,Zhaotiantong,Zerobillion
2,3343,Will,overlordto12
1,3342,Lin,Lordofcold
2,3342,Tasha,Zerobillion
1,3340,Brenner,LeLieuTenant
2,3340,Lin,Sora
1,3339,Forsythe,Mini Nini
2,3339,Lin,Plague
1,3335,Brenner,Tee Lord
2,3335,Brenner,Geko
1,3333,Grat,LeLieuTenant
2,3333,Lee,Zerobillion
1,3331,Forsythe,LeLieuTenant
2,3331,Penny,Arckos
1,3330,Will,RayKadoodles
2,3330,Will,Akashichi
1,3327,Caulder,Zerobillion
2,3327,Gage,Mauwus
1,3326,Tabitha,Mauwus
2,3326,Lin,Krolan
1,3324,Waylon,LotLaPecera
2,3324,Lee,Adept999
1,3323,Zhaotiantong,fuzzygenie
2,3323,Brenner,fethi2020
1,3317,Tinker,LeLieuTenant
2,3317,Hawk,Nuclear Rat
1,3316,Isabella,RayKadoodles
2,3316,Lin,Lordofcold
1,3311,Hawk,JustABadGuy
2,3311,Will,Shmoequey
1,3310,Hawk,fethi2020
2,3310,Penny,DaGinga
1,3309,Penny,Mauwus
2,3309,Penny,Zerobillion
1,3308,Penny,Maleous
2,3308,Tinker,CommanderLuciel
1,3303,Tasha,Krolan
2,3303,Penny,zielinskigr
1,3301,Zhaotiantong,Krolan
2,3301,Tasha,Tayufa
1,3300,(No CO),fethi2020
2,3300,Zhaotiantong,Krolan
1,3295,Isabella,d_def
2,3295,Waylon,fethi2020
1,3290,Penny,Deejus
2,3290,Tasha,fethi2020
1,3288,Tabitha,Zerobillion
2,3288,Isabella,Shmoequey
1,3287,Lin,Saiky27
2,3287,Brenner,LotLaPecera
1,3285,Tabitha,SparkFox
2,3285,Tabitha,Gombel
1,3280,Zhaotiantong,Krolan
2,3280,Grat,R8Spike
1,3279,Grat,Nuclear Rat
2,3279,Forsythe,Lordofcold
1,3274,Forsythe,Akubjay
2,3274,Forsythe,Maleous
1,3272,Zhaotiantong,LeLieuTenant
2,3272,Tasha,Tayufa
1,3269,Lee,Zerobillion
2,3269,Tabitha,Tayufa
1,3263,Hawk,BusterBeachside
2,3263,Waylon,Chan ' tcho
1,3259,Greyfield,woshiwaiguoren
2,3259,Tabitha,Saiky27
1,3257,Forsythe,twan
2,3257,Tabitha,Nuclear Rat
1,3255,Gage,Pop Tart
2,3255,Mira,Krolan
1,3252,Brenner,Rush_FTK
2,3252,Tabitha,Akubjay
1,3251,Lee,Sora
2,3251,Zhaotiantong,Krolan
1,3249,Penny,Maleous
2,3249,Gage,Aimline
1,3246,Waylon,twan
2,3246,Penny,Darqspeaker
1,3245,(No CO),Shmoequey
2,3245,Penny,Anabella
1,3243,Brenner,Nuclear Rat
2,3243,Forsythe,Lordofcold
1,3241,(No CO),fethi2020
2,3241,Isabella,Sora
1,3240,(No CO),fethi2020
2,3240,Caulder,BusterBeachside
1,3232,Tasha,Tayufa
2,3232,Brenner,twan
1,3230,Gage,Chan ' tcho
2,3230,Forsythe,LotLaPecera
1,3227,Forsythe,LotLaPecera
2,3227,Tabitha,woshiwaiguoren
1,3223,Hawk,WiNLord
2,3223,Lee,RamblinEvilMushroom
1,3221,Tabitha,Spartacous
2,3221,Penny,LenWan
1,3220,Lin,Lordofcold
2,3220,Will,Akubjay
1,3218,Grat,Nuclear Rat
2,3218,Lin,Anabella
1,3216,Brenner,RayKadoodles
2,3216,Forsythe,Lordofcold
1,3213,Waylon,Cheshirecat
2,3213,Penny,Spartacous
1,3211,Tabitha,KaelDra27
2,3211,Mira,Cheshirecat
1,3210,Tabitha,Spartacous
2,3210,Tabitha,KaelDra27
1,3209,Penny,不是icy
2,3209,Hawk,Rush_FTK
1,3207,Penny,Sliicer
2,3207,Tabitha,Lordofcold
1,3204,Forsythe,不是icy
2,3204,Tabitha,Aimline
1,3199,Grat,Avalon
2,3199,Caulder,Doppelganger
1,3196,Penny,不是icy
2,3196,Brenner,Maleous
1,3192,Penny,megt0n
2,3192,Grat,Astady
1,3190,Grat,Nuclear Rat
2,3190,Grat,Krolan
1,3189,Isabella,deltadex7
2,3189,Lin,LotLaPecera
1,3185,Forsythe,Krolan
2,3185,Penny,TheManCalledBen
1,3184,Tabitha,Nuclear Rat
2,3184,Tabitha,twan
1,3180,Zhaotiantong,Krolan
2,3180,Brenner,Nuclear Rat
1,3179,Mira,Spartacous
2,3179,Forsythe,Knock
1,3178,Mira,Maleous
2,3178,Lin,RayKadoodles
1,3177,Lin,Astady
2,3177,Lin,Darqspeaker
1,3176,Penny,WiNLord
2,3176,Penny,Tayufa
1,3175,Isabella,TheManCalledBen
2,3175,Tabitha,Darqspeaker
1,3174,Tabitha,ePiiC PaNiiC
2,3174,Will,CommanderLuciel
1,3170,Brenner,Nuclear Rat
2,3170,Zhaotiantong,Krolan
1,3169,Gage,RayKadoodles
2,3169,Caulder,Maleous
1,3168,Zhaotiantong,Krolan
2,3168,Grat,Astady
1,3160,Zhaotiantong,Maleous
2,3160,Isabella,RayKadoodles
1,3158,Penny,Sliicer
2,3158,Isabella,DC290
1,3154,Zhaotiantong,Mini Nini
2,3154,Zhaotiantong,Rush_FTK
1,3153,Caulder,CommanderLuciel
2,3153,Caulder,ePiiC PaNiiC
1,3150,Lin,LotLaPecera
2,3150,Penny,Deejus
1,3146,Tabitha,BusterBeachside
2,3146,Waylon,RayKadoodles
1,3145,Grat,Maleous
2,3145,Will,Lordofcold
1,3140,Penny,Sliicer
2,3140,Forsythe,DC290
1,3130,Isabella,史莱喵。
2,3130,Isabella,Fluhfie
1,3127,Tabitha,Saiky27
2,3127,Hawk,Maleous
1,3124,Zhaotiantong,Maleous
2,3124,Tabitha,KaelDra27
1,3120,Penny,不是icy
2,3120,Brenner,SonjaTheSuperior11
1,3119,Lin,Sliicer
2,3119,Forsythe,xrumblingcdsx
1,3118,Isabella,Maleous
2,3118,Will,Akubjay
1,3110,Brenner,wolf_71
2,3110,Tabitha,Saiky27
1,3107,Tabitha,Aimline
2,3107,Forsythe,不是icy
1,3106,Will,sarastro
2,3106,Penny,不是icy
1,3104,Isabella,RayKadoodles
2,3104,Tabitha,Saiky27
1,3102,Penny,Sliicer
2,3102,Lin,ePiiC PaNiiC
1,3094,Tabitha,KaelDra27
2,3094,Tabitha,Divva
1,3092,Waylon,sarastro
2,3092,Will,Maleous
1,3089,Grat,deltadex7
2,3089,Penny,Saiky27
1,3088,Grat,Maleous
2,3088,Mira,Rush_FTK
1,3081,Zhaotiantong,Mini Nini
2,3081,Caulder,Rush_FTK
1,3071,Will,Frodoor
2,3071,Caulder,Rush_FTK
1,3070,Tabitha,KioKio
2,3070,Tabitha,Saiky27
1,3068,Isabella,RayKadoodles
2,3068,Brenner,Fukuda
1,3065,Hawk,Barondoctor
2,3065,Grat,Adept999
1,3060,Caulder,badbadbad
2,3060,Caulder,ePiiC PaNiiC
1,3059,Tabitha,不是icy
2,3059,Isabella,sarastro
1,3057,Isabella,Rush_FTK
2,3057,Isabella,Maleous
1,3056,Forsythe,Akubjay
2,3056,Will,BusterBeachside
1,3055,Tabitha,不是icy
2,3055,Isabella,Plague
1,3053,Tabitha,Mini Nini
2,3053,Caulder,Maleous
1,3051,Will,badbadbad
2,3051,Will,SonjaTheSuperior11
1,3049,Tabitha,KaelDra27
2,3049,Grat,estratus314
1,3041,Hawk,Maleous
2,3041,Penny,cjlim2007
1,3039,Zhaotiantong,Maleous
2,3039,Lee,StaleBread
1,3036,Isabella,CommanderLuciel
2,3036,Isabella,AdvanceWarrior
1,3034,Will,Bruce818
2,3034,Isabella,RayKadoodles
1,3032,Hawk,Rush_FTK
2,3032,Lin,Maleous
1,3031,Lin,mathblitz
2,3031,Grat,deltadex7
1,3028,Tabitha,Saiky27
2,3028,Greyfield,Cheshirecat
1,3027,Hawk,LotLaPecera
2,3027,Lin,Akashichi
1,3025,Hawk,Rush_FTK
2,3025,Caulder,不是icy
1,3015,Lin,Lordofcold
2,3015,Penny,Sliicer
1,3013,Tabitha,Saiky27
2,3013,Gage,Cheshirecat
1,3009,Tabitha,Aimline
2,3009,Tabitha,Akubjay
1,3005,Tabitha,Saiky27
2,3005,Will,Fukuda
1,3002,Lin,RayKadoodles
2,3002,Hawk,不是icy
1,3001,Caulder,Maleous
2,3001,Hawk,Rush_FTK
1,2994,Zhaotiantong,Monsters_vs_MyDad
2,2994,Will,Bruce818
1,2992,Lin,BusterBeachside
2,2992,Forsythe,Lordofcold
1,2989,Tabitha,ePiiC PaNiiC
2,2989,Forsythe,Monsters_vs_MyDad
1,2987,Zhaotiantong,Monsters_vs_MyDad
2,2987,Waylon,DC290
1,2985,Zhaotiantong,Monsters_vs_MyDad
2,2985,Lin,Chan ' tcho
1,2983,Penny,Sliicer
2,2983,Lin,Lordofcold
1,2976,Isabella,BusterBeachside
2,2976,Isabella,kaiser13
1,2974,Mira,Maleous
2,2974,Forsythe,Avalon
1,2971,Grat,Rush_FTK
2,2971,Penny,不是icy
1,2970,Caulder,Avalon
2,2970,Will,Doppelganger
1,2965,Lin,Lordofcold
2,2965,Greyfield,su. 
1,2959,Forsythe,Mini Nini
2,2959,Lin,Plague
1,2956,Tabitha,LotLaPecera
2,2956,Isabella,RayKadoodles
1,2953,Tabitha,LotLaPecera
2,2953,Forsythe,Frost_Lantern
1,2952,Zhaotiantong,Monsters_vs_MyDad
2,2952,Isabella,Frost_Lantern
1,2951,Forsythe,Frost_Lantern
2,2951,Tabitha,LotLaPecera
1,2950,Penny,不是icy
2,2950,Isabella,Frost_Lantern
1,2948,Zhaotiantong,Monsters_vs_MyDad
2,2948,Hawk,_5C_
1,2942,Isabella,史莱喵。
2,2942,Isabella,Fluhfie
1,2939,Mira,Rush_FTK
2,2939,Caulder,Mini Nini
1,2938,Grat,Plague
2,2938,Will,Mini Nini
1,2936,Isabella,RayKadoodles
2,2936,Tabitha,ThankerMg
1,2935,Forsythe,Maleous
2,2935,Penny,Rush_FTK
1,2933,Forsythe,xrumblingcdsx
2,2933,Lin,Maleous
1,2930,Grat,Avalon
2,2930,Will,badbadbad
1,2929,Hawk,_5C_
2,2929,Isabella,Frost_Lantern
1,2927,Forsythe,Akubjay
2,2927,Lin,Lordofcold
1,2924,Tinker,StaleBread
2,2924,Will,Maleous
1,2917,Caulder,Pauan
2,2917,Penny,BusterBeachside
1,2916,Zhaotiantong,Monsters_vs_MyDad
2,2916,Brenner,LotLaPecera
1,2915,Brenner,xrumblingcdsx
2,2915,Waylon,LotLaPecera
1,2913,Waylon,LotLaPecera
2,2913,Waylon,mathblitz
1,2912,Tabitha,Aimline
2,2912,Forsythe,LotLaPecera
1,2909,Greyfield,Monsters_vs_MyDad
2,2909,Tasha,AdvanceWarrior
1,2907,Tabitha,Akubjay
2,2907,Forsythe,Frost_Lantern
1,2905,Lin,Maleous
2,2905,Lin,CommanderLuciel
1,2904,Penny,Sliicer
2,2904,Will,SonjaTheSuperior11
1,2903,Will,Chan ' tcho
2,2903,Lin,G47Rush
1,2902,Gage,G47Rush
2,2902,Tasha,Chan ' tcho
1,2901,Brenner,SonjaTheSuperior11
2,2901,Brenner,cjlim2007
1,2900,Greyfield,Chan ' tcho
2,2900,Hawk,CommanderLuciel
1,2899,Tabitha,不是icy
2,2899,Tabitha,Rush_FTK
1,2898,Zhaotiantong,Rush_FTK
2,2898,Zhaotiantong,Mini Nini
1,2897,Hawk,Lordofcold
2,2897,Will,Maleous
1,2896,Zhaotiantong,Monsters_vs_MyDad
2,2896,Isabella,RayKadoodles
1,2893,Penny,LotLaPecera
2,2893,Lee,Akashichi
1,2892,Zhaotiantong,Mini Nini
2,2892,Penny,不是icy
1,2890,Hawk,G47Rush
2,2890,Brenner,Frost_Lantern
1,2889,Brenner,G47Rush
2,2889,Forsythe,Frost_Lantern
1,2888,Forsythe,zhaotiantong
2,2888,Zhaotiantong,Mini Nini
1,2887,Will,BusterBeachside
2,2887,Grat,Avalon
1,2886,Isabella,史莱喵。
2,2886,Zhaotiantong,Monsters_vs_MyDad
1,2885,Hawk,Rush_FTK
2,2885,Will,Lordofcold
1,2883,Forsythe,LotLaPecera
2,2883,Gage,G47Rush
1,2882,Lin,G47Rush
2,2882,Brenner,Akubjay
1,2881,Will,Maleous
2,2881,Hawk,Frodoor
1,2878,Will,Frost_Lantern
2,2878,Brenner,Sir Biggles
1,2876,Gage,BusterBeachside
2,2876,Gage,Chan ' tcho
1,2874,Tabitha,ePiiC PaNiiC
2,2874,Forsythe,Lordofcold
1,2873,Grat,Mini Nini
2,2873,Penny,Plague
1,2871,Isabella,Fluhfie
2,2871,Isabella,AdvanceWarrior
1,2868,Isabella,AdvanceWarrior
2,2868,Isabella,Akubjay
1,2867,Isabella,Akubjay
2,2867,Zhaotiantong,Maleous
1,2865,Brenner,Maleous
2,2865,Brenner,Lordofcold
1,2864,Caulder,Maleous
2,2864,Mira,Rush_FTK
1,2863,Caulder,Mini Nini
2,2863,Mira,Rush_FTK
1,2858,Isabella,AdvanceWarrior
2,2858,Lin,Lordofcold
1,2856,Caulder,Maleous
2,2856,Grat,Rush_FTK
1,2854,Will,Monsters_vs_MyDad
2,2854,Isabella,AdvanceWarrior
1,2853,Forsythe,LotLaPecera
2,2853,Lee,Monsters_vs_MyDad
1,2852,Zhaotiantong,Monsters_vs_MyDad
2,2852,Isabella,Fluhfie
1,2851,Zhaotiantong,Mini Nini
2,2851,Forsythe,zhaotiantong
1,2849,Zhaotiantong,Monsters_vs_MyDad
2,2849,Tinker,Akashichi
1,2845,Lin,Lordofcold
2,2845,Isabella,Akubjay
1,2844,Waylon,LotLaPecera
2,2844,Zhaotiantong,Monsters_vs_MyDad
1,2843,Hawk,G47Rush
2,2843,Forsythe,Monsters_vs_MyDad
1,2842,Zhaotiantong,Monsters_vs_MyDad
2,2842,Brenner,LotLaPecera
1,2841,Penny,StaleBread
2,2841,Grat,Maleous
1,2838,Will,sarastro
2,2838,Tabitha,不是icy
1,2834,Will,_5C_
2,2834,Brenner,DC290
1,2833,Hawk,Rush_FTK
2,2833,Zhaotiantong,Monsters_vs_MyDad
1,2832,Lin,_5C_
2,2832,Isabella,kaiser13
1,2829,Caulder,The Philanthropist
2,2829,Caulder,Rush_FTK
1,2828,Hawk,_5C_
2,2828,Lin,Super Vlad
1,2826,Tabitha,Pauan
2,2826,Waylon,Fluhfie
1,2825,Forsythe,The Philanthropist
2,2825,Caulder,Mini Nini
1,2824,Hawk,Rush_FTK
2,2824,Will,Red-One
1,2823,Tinker,SonjaTheSuperior11
2,2823,Gage,Mini Nini
1,2821,Zhaotiantong,Monsters_vs_MyDad
2,2821,Isabella,史莱喵。
1,2820,Will,Sir Biggles
2,2820,Penny,Sliicer
1,2812,Waylon,LotLaPecera
2,2812,Hawk,G47Rush
1,2811,Brenner,Akashichi
2,2811,Brenner,_5C_
1,2805,Penny,CommanderLuciel
2,2805,Penny,ePiiC PaNiiC
1,2801,Zhaotiantong,Monsters_vs_MyDad
2,2801,Waylon,LotLaPecera
1,2800,Hawk,G47Rush
2,2800,Greyfield,Chan ' tcho
1,2798,Tinker,Chan ' tcho
2,2798,Lee,CommanderLuciel
1,2797,Will,Sir Biggles
2,2797,Penny,Sliicer
1,2796,Hawk,Avalon
2,2796,Tasha,Doppelganger
1,2795,Lin,Sir Biggles
2,2795,Mira,不是icy
1,2794,Zhaotiantong,Mini Nini
2,2794,Caulder,Rush_FTK
1,2787,Zhaotiantong,Monsters_vs_MyDad
2,2787,Hawk,_5C_
1,2786,Isabella,ePiiC PaNiiC
2,2786,Zhaotiantong,Monsters_vs_MyDad
1,2785,Hawk,Monsters_vs_MyDad
2,2785,Isabella,Lordofcold
1,2784,Hawk,Monsters_vs_MyDad
2,2784,Caulder,Frodoor
1,2779,Lin,BleakHorizon
2,2779,Mira,Mini Nini
1,2778,Waylon,meatlogmike
2,2778,Zhaotiantong,G47Rush
1,2777,Zhaotiantong,G47Rush
2,2777,Forsythe,meatlogmike
1,2774,Caulder,Mini Nini
2,2774,Caulder,Rush_FTK
1,2767,Hawk,G47Rush
2,2767,Brenner,Sir Biggles
1,2766,Caulder,Rush_FTK
2,2766,Zhaotiantong,Monsters_vs_MyDad
1,2763,Hawk,Rush_FTK
2,2763,Tabitha,Red-One
1,2762,Forsythe,Mini Nini
2,2762,Mira,cjlim2007
1,2759,Forsythe,Lordofcold
2,2759,Lin,Maleous
1,2753,Forsythe,Chan ' tcho
2,2753,Penny,Sliicer
1,2748,Will,sarastro
2,2748,Caulder,Rush_FTK
1,2747,Zhaotiantong,Monsters_vs_MyDad
2,2747,Tinker,Chan ' tcho
1,2745,Will,meatlogmike
2,2745,Brenner,Sir Biggles
1,2744,Caulder,Maleous
2,2744,Gage,Red-One
1,2739,Hawk,G47Rush
2,2739,Zhaotiantong,Monsters_vs_MyDad
1,2738,Penny,BleakHorizon
2,2738,Lee,Mini Nini
1,2735,Tabitha,不是icy
2,2735,Zhaotiantong,Monsters_vs_MyDad
1,2734,Forsythe,xrumblingcdsx
2,2734,Forsythe,The Philanthropist
1,2733,Lin,Akubjay
2,2733,Lin,G47Rush
1,2731,Isabella,Maleous
2,2731,Isabella,Rush_FTK
1,2730,Lin,Chan ' tcho
2,2730,Zhaotiantong,Maleous
1,2725,Gage,Red-One
2,2725,Hawk,Rush_FTK
1,2720,Brenner,Sir Biggles
2,2720,Brenner,G47Rush
1,2718,Gage,Super Vlad
2,2718,Zhaotiantong,Mini Nini
1,2717,Tasha,N0o2
2,2717,Penny,AdvanceWarrior
1,2716,Forsythe,The Philanthropist
2,2716,Tinker,Rush_FTK
1,2715,Hawk,Rush_FTK
2,2715,Tabitha,Red-One
1,2714,Will,BusterBeachside
2,2714,Lin,Lordofcold
1,2713,Brenner,FUULROD
2,2713,Isabella,Pauan
1,2712,Tasha,N0o2
2,2712,Forsythe,Maleous
1,2711,Isabella,kaiser13
2,2711,(No CO),N0o2
1,2709,Penny,N0o2
2,2709,Isabella,Fluhfie
1,2707,Grat,Avalon
2,2707,Tabitha,N0o2
1,2706,Tabitha,N0o2
2,2706,Tabitha,BusterBeachside
1,2705,Zhaotiantong,Maleous
2,2705,Waylon,ePiiC PaNiiC
1,2703,Caulder,Rush_FTK
2,2703,Lin,Red-One
1,2702,Lin,badbadbad
2,2702,Will,Lordofcold
1,2700,Penny,不是icy
2,2700,Brenner,Lordofcold
1,2697,Greyfield,Chan ' tcho
2,2697,Lee,CommanderLuciel
1,2696,Penny,FUULROD
2,2696,Penny,Rush_FTK
1,2695,Forsythe,Avalon
2,2695,Will,Doppelganger
1,2694,Will,LenWan
2,2694,Lin,Lordofcold
1,2692,Forsythe,Monsters_vs_MyDad
2,2692,Forsythe,Korven
1,2675,Will,ePiiC PaNiiC
2,2675,Forsythe,cjlim2007
1,2673,Caulder,Rush_FTK
2,2673,Tabitha,Red-One
1,2670,Lin,ePiiC PaNiiC
2,2670,Brenner,SonjaTheSuperior11
1,2668,Lin,Lordofcold
2,2668,Lin,Maleous
1,2667,Tasha,BusterBeachside
2,2667,Caulder,Pauan
1,2664,Hawk,Red-One
2,2664,Hawk,Mini Nini
1,2659,Tabitha,不是icy
2,2659,Tabitha,CommanderLuciel
1,2658,Forsythe,Maleous
2,2658,Mira,Rush_FTK
1,2655,Will,Red-One
2,2655,Lin,Maleous
1,2653,Caulder,BusterBeachside
2,2653,Lin,Lordofcold
1,2650,Will,Alex
2,2650,Lin,Chan ' tcho
1,2647,Brenner,Alex
2,2647,Brenner,Monsters_vs_MyDad
1,2646,Penny,Chan ' tcho
2,2646,Zhaotiantong,Monsters_vs_MyDad
1,2645,Penny,Sliicer
2,2645,Tasha,ePiiC PaNiiC
1,2644,Caulder,Monsters_vs_MyDad
2,2644,Tinker,CommanderLuciel
1,2643,Tabitha,Rush_FTK
2,2643,Tabitha,CommanderLuciel
1,2637,Lin,Mini Nini
2,2637,Gage,Red-One
1,2635,Caulder,Rush_FTK
2,2635,Caulder,su. 
1,2633,Hawk,Red-One
2,2633,Forsythe,Mini Nini
1,2630,Mira,Maleous
2,2630,Will,Lordofcold
1,2625,Tabitha,不是icy
2,2625,Tabitha,Maleous
1,2623,Waylon,CommanderLuciel
2,2623,Tasha,cjlim2007
1,2619,Tabitha,Plague
2,2619,Forsythe,Red-One
1,2612,Hawk,Avalon
2,2612,Hawk,Lordofcold
1,2596,Grat,zhaotiantong
2,2596,Will,Mini Nini
1,2594,Isabella,史莱喵。
2,2594,Brenner,_5C_
1,2592,(No CO),FUULROD
2,2592,Forsythe,Monsters_vs_MyDad
1,2591,Grat,Mini Nini
2,2591,Zhaotiantong,zhaotiantong
1,2589,Zhaotiantong,Mini Nini
2,2589,Tabitha,不是icy
1,2583,Lin,Super Vlad
2,2583,Tasha,Doppelganger
1,2582,Penny,Sliicer
2,2582,Forsythe,Monsters_vs_MyDad
1,2581,Lin,Maleous
2,2581,Hawk,BusterBeachside
1,2579,Zhaotiantong,Maleous
2,2579,Mira,Rush_FTK
1,2576,Tabitha,BusterBeachside
2,2576,Lee,Avalon
1,2575,Greyfield,Rush_FTK
2,2575,Zhaotiantong,Mini Nini
1,2573,Lin,Lordofcold
2,2573,Penny,Rush_FTK
1,2572,Isabella,史莱喵。
2,2572,Forsythe,Monsters_vs_MyDad
1,2571,Isabella,CommanderLuciel
2,2571,Grat,Pauan
1,2562,Grat,su. 
2,2562,Mira,R'loc
1,2561,Forsythe,Maleous
2,2561,Forsythe,Lordofcold
1,2558,Caulder,N0o2
2,2558,Brenner,Chan ' tcho
1,2557,Lin,Chan ' tcho
2,2557,Penny,BusterBeachside
1,2556,Lin,ePiiC PaNiiC
2,2556,Gage,Maleous
1,2552,Isabella,Alex
2,2552,Will,FUULROD
1,2548,Penny,Sliicer
2,2548,Gage,Chan ' tcho
1,2546,Forsythe,zhaotiantong
2,2546,Forsythe,Plague
1,2545,Lin,Lordofcold
2,2545,Hawk,Maleous
1,2544,Penny,FUULROD
2,2544,Hawk,Maleous
1,2543,Zhaotiantong,Mini Nini
2,2543,Lin,Abreu
1,2542,Forsythe,AdvanceWarrior
2,2542,Will,Lordofcold
1,2540,Lin,Lordofcold
2,2540,Isabella,Maleous
1,2536,Will,FUULROD
2,2536,Tabitha,Maleous
1,2535,Lin,Lordofcold
2,2535,Hawk,Maleous
1,2531,Zhaotiantong,purifierwarmech
2,2531,(No CO),N0o2
1,2530,Tasha,N0o2
2,2530,Tabitha,ePiiC PaNiiC
1,2529,Gage,LenWan
2,2529,Brenner,Maleous
1,2527,Lin,LenWan
2,2527,Mira,Maleous
1,2526,Penny,Sliicer
2,2526,Forsythe,Maleous
1,2523,Isabella,The Philanthropist
2,2523,Brenner,Rush_FTK
1,2522,Lin,Plague
2,2522,Gage,magicalpuffin
1,2511,Brenner,jinbin
2,2511,Forsythe,xrumblingcdsx
1,2508,Tasha,N0o2
2,2508,Lin,Lordofcold
1,2504,Tinker,StaleBread
2,2504,Tabitha,ePiiC PaNiiC
1,2501,Tinker,AdvanceWarrior
2,2501,Tabitha,LenWan
1,2497,Brenner,Maleous
2,2497,Lin,ItsKrunchTime
1,2496,Caulder,badbadbad
2,2496,Isabella,The Philanthropist
1,2491,Lin,Lordofcold
2,2491,Grat,Avalon
1,2490,Mira,Rush_FTK
2,2490,Gage,sarastro
1,2489,Forsythe,Rush_FTK
2,2489,Brenner,BusterBeachside
1,2486,Penny,jinbin
2,2486,Waylon,ePiiC PaNiiC
1,2484,Will,SonjaTheSuperior11
2,2484,Waylon,badbadbad
1,2483,Forsythe,Avalon
2,2483,Brenner,jinbin
1,2482,Penny,不是icy
2,2482,Penny,Sliicer
1,2481,Zhaotiantong,Mini Nini
2,2481,Penny,Rush_FTK
1,2480,Caulder,N0o2
2,2480,Caulder,su. 
1,2477,Forsythe,CommanderLuciel
2,2477,Hawk,Lordofcold
1,2476,Grat,ePiiC PaNiiC
2,2476,Forsythe,DC29
1,2475,Waylon,CommanderLuciel
2,2475,Hawk,jinbin
1,2473,Will,AdvanceWarrior
2,2473,Hawk,BusterBeachside
1,2472,Caulder,ePiiC PaNiiC
2,2472,Caulder,Pauan
1,2468,Caulder,tingle
2,2468,Caulder,ePiiC PaNiiC
1,2467,Lin,Lordofcold
2,2467,Tasha,Chan ' tcho
1,2466,Tabitha,CommanderLuciel
2,2466,Grat,Pauan
1,2465,Lee,SonjaTheSuperior11
2,2465,Caulder,N0o2
1,2461,Greyfield,Rush_FTK
2,2461,Hawk,Mini Nini
1,2460,Tabitha,ePiiC PaNiiC
2,2460,Forsythe,Lordofcold
1,2458,Isabella,AdvanceWarrior
2,2458,Tasha,N0o2
1,2455,Tabitha,purifierwarmech
2,2455,Lin,Lordofcold
1,2454,Brenner,AdvanceWarrior
2,2454,Zhaotiantong,Mini Nini
1,2453,Caulder,Rush_FTK
2,2453,Zhaotiantong,Mini Nini
1,2452,Lin,BusterBeachside
2,2452,Lin,badbadbad
1,2447,Penny,jinbin
2,2447,Brenner,Doppelganger
1,2446,Will,R'loc
2,2446,Lin,FUULROD
1,2443,Lin,不是icy
2,2443,Brenner,SonjaTheSuperior11
1,2442,Brenner,N0o2
2,2442,Will,wacho789
1,2441,Hawk,AdvanceWarrior
2,2441,Will,wacho789
1,2438,Lee,BleakHorizon
2,2438,Will,SonjaTheSuperior11
1,2431,Tabitha,Avalon
2,2431,Lin,Lordofcold
1,2426,Penny,TashasSportsBra
2,2426,Penny,Chan ' tcho
1,2421,Lin,Plague
2,2421,Penny,Mini Nini
1,2418,Will,wacho789
2,2418,Tasha,N0o2
1,2416,Brenner,TashasSportsBra
2,2416,Lin,Raisak
1,2415,Lin,Lordofcold
2,2415,Greyfield,N0o2
1,2414,Tasha,N0o2
2,2414,Tabitha,TashasSportsBra
1,2413,Grat,ePiiC PaNiiC
2,2413,Penny,TashasSportsBra
1,2412,Caulder,TashasSportsBra
2,2412,Brenner,Pauan
1,2410,Penny,Sliicer
2,2410,Greyfield,不是icy
1,2409,Caulder,TashasSportsBra
2,2409,Forsythe,Super Vlad
1,2408,Brenner,jinbin
2,2408,Waylon,Doppelganger
1,2404,Tabitha,Lordofcold
2,2404,Tabitha,R'loc
1,2401,Lin,Lordofcold
2,2401,Brenner,FUULROD
1,2398,Grat,Avalon
2,2398,(No CO),FUULROD
1,2393,Tabitha,不是icy
2,2393,Caulder,Rush_FTK
1,2384,Brenner,Mini Nini
2,2384,Brenner,The Philanthropist
1,2379,Forsythe,The Philanthropist
2,2379,Caulder,Rush_FTK
1,2377,Caulder,Rush_FTK
2,2377,Grat,Mini Nini
1,2373,Isabella,xrumblingcdsx
2,2373,Isabella,Fluhfie
1,2371,Grat,Avalon
2,2371,Greyfield,Chan ' tcho
1,2367,Tabitha,不是icy
2,2367,Gage,sarastro
1,2360,Tasha,N0o2
2,2360,Penny,Sliicer
1,2359,Tasha,N0o2
2,2359,Will,wacho789
1,2353,Lin,AdvanceWarrior
2,2353,Lin,purifierwarmech
1,2352,Will,R'loc
2,2352,Waylon,wolf_71
1,2341,Penny,TashasSportsBra
2,2341,Penny,Sliicer
1,2340,Penny,TashasSportsBra
2,2340,Zhaotiantong,R'loc
1,2335,Lin,Super Vlad
2,2335,Caulder,Rich Energy
1,2334,Lin,BusterBeachside
2,2334,Lin,Lordofcold
1,2327,Lin,shiroishi
2,2327,Will,wacho789
1,2321,Lin,AdvanceWarrior
2,2321,Forsythe,FUULROD
1,2320,Brenner,wacho789
2,2320,Brenner,TashasSportsBra
1,2319,Lee,su. 
2,2319,Lin,Rich Energy
1,2318,Gage,Abreu
2,2318,Caulder,Mini Nini
1,2317,Tabitha,不是icy
2,2317,Penny,Sliicer
1,2315,Waylon,FUULROD
2,2315,Grat,purifierwarmech
1,2314,Brenner,BusterBeachside
2,2314,Brenner,Mini Nini
1,2310,Caulder,Mini Nini
2,2310,Will,Plague
1,2309,Caulder,Mini Nini
2,2309,Lin,Lordofcold
1,2308,Tabitha,FUULROD
2,2308,Lin,Lordofcold
1,2307,Tabitha,不是icy
2,2307,Penny,StaleBread
1,2305,Will,LenWan
2,2305,Mira,FUULROD
1,2303,Brenner,StaleBread
2,2303,Will,SonjaTheSuperior11
1,2302,Grat,Rush_FTK
2,2302,Grat,R'loc
1,2301,Mira,FUULROD
2,2301,Tabitha,BleakHorizon
1,2300,Forsythe,Abreu
2,2300,Brenner,SonjaTheSuperior11
1,2299,Lee,Mini Nini
2,2299,Will,TashasSportsBra
1,2291,Mira,Rush_FTK
2,2291,Zhaotiantong,Mini Nini
1,2290,Isabella,FUULROD
2,2290,Greyfield,Rich Energy
1,2286,Tabitha,BusterBeachside
2,2286,Will,Aidan
1,2284,Caulder,Aidan
2,2284,Caulder,purifierwarmech
1,2283,Mira,Rush_FTK
2,2283,Greyfield,magicalpuffin
1,2281,Caulder,Rush_FTK
2,2281,Lin,R'loc
1,2279,Zhaotiantong,DC29
2,2279,Lee,Mini Nini
1,2276,Tinker,FUULROD
2,2276,Penny,TashasSportsBra
1,2275,Forsythe,R'loc
2,2275,Lin,kaiser13
1,2274,Isabella,kaiser13
2,2274,Tabitha,Chan ' tcho
1,2273,Tabitha,Mini Nini
2,2273,Tabitha,不是icy
1,2270,Gage,sarastro
2,2270,Grat,Mini Nini
1,2269,Isabella,Aimline
2,2269,Greyfield,FUULROD
1,2265,Waylon,sarastro
2,2265,Caulder,Mini Nini
1,2264,Lin,Lordofcold
2,2264,Penny,FUULROD
1,2253,Brenner,Chan ' tcho
2,2253,Brenner,BusterBeachside
1,2249,Gage,Aimline
2,2249,Will,Mini Nini
1,2247,Lee,R'loc
2,2247,Zhaotiantong,Mini Nini
1,2246,Mira,Rush_FTK
2,2246,Lin,Mini Nini
1,2243,Will,Super Vlad
2,2243,Lee,Mini Nini
1,2241,Forsythe,Super Vlad
2,2241,Lee,Mini Nini
1,2240,Forsythe,Super Vlad
2,2240,Gage,Aeeloran
1,2239,Penny,TashasSportsBra
2,2239,Hawk,Aeeloran
1,2238,Penny,TashasSportsBra
2,2238,Hawk,Aeeloran
1,2237,Grat,DC29
2,2237,Lin,Super Vlad
1,2236,Brenner,Mini Nini
2,2236,Hawk,Rush_FTK
1,2235,Gage,Mini Nini
2,2235,Hawk,Aeeloran
1,2232,(No CO),不是icy
2,2232,Waylon,Plague
1,2230,Caulder,Mini Nini
2,2230,Caulder,Aidan
1,2228,Tabitha,Aidan
2,2228,Caulder,Mini Nini
1,2224,Caulder,Rush_FTK
2,2224,Tinker,Avalon
1,2223,Zhaotiantong,FUULROD
2,2223,Penny,purifierwarmech
1,2220,Caulder,Rush_FTK
2,2220,Caulder,Mini Nini
1,2219,Isabella,zhaotiantong
2,2219,Caulder,Rush_FTK
1,2217,Caulder,Rush_FTK
2,2217,Brenner,Aidan
1,2216,Caulder,Rush_FTK
2,2216,Brenner,Aidan
1,2214,Lin,Lordofcold
2,2214,Brenner,Mini Nini
1,2213,Waylon,不是icy
2,2213,Brenner,zhaotiantong
1,2208,Gage,Red-One
2,2208,Forsythe,Frodoor
1,2205,Hawk,Lordofcold
2,2205,Hawk,Mini Nini
1,2201,Isabella,R'loc
2,2201,Isabella,kaiser13
1,2200,Caulder,Rush_FTK
2,2200,Brenner,Mini Nini
1,2199,Lee,su. 
2,2199,Caulder,Mini Nini
1,2198,Hawk,kuro95
2,2198,Forsythe,The Philanthropist
1,2195,Isabella,Abreu
2,2195,Isabella,Mini Nini
1,2193,Grat,R'loc
2,2193,Grat,Aidan
1,2192,Mira,Mini Nini
2,2192,Will,Lordofcold
1,2190,Forsythe,Mini Nini
2,2190,Forsythe,Super Vlad
1,2189,Tabitha,ePiiC PaNiiC
2,2189,Mira,Chan ' tcho
1,2187,Zhaotiantong,Mini Nini
2,2187,Greyfield,LCHXZERO
1,2184,Lin,Lordofcold
2,2184,Lin,Mini Nini
1,2182,Lin,Lordofcold
2,2182,Tabitha,Avalon
1,2180,Hawk,Mini Nini
2,2180,Gage,DaddyGrimm
1,2179,Mira,BleakHorizon
2,2179,Mira,Avalon
1,2178,Lee,Mini Nini
2,2178,Will,DaddyGrimm
1,2172,Will,Mini Nini
2,2172,Penny,TashasSportsBra
1,2171,Caulder,Rush_FTK
2,2171,Tabitha,Red-One
1,2170,Hawk,R'loc
2,2170,Forsythe,zhaotiantong
1,2169,Gage,Red-One
2,2169,Greyfield,Abreu
1,2165,Gage,Chan ' tcho
2,2165,Lin,Lordofcold
1,2163,(No CO),DC29
2,2163,Grat,DaddyGrimm
1,2160,Penny,DaddyGrimm
2,2160,Isabella,quentin
1,2159,Caulder,Mini Nini
2,2159,Tabitha,Alex
1,2156,Hawk,Playmaker 
2,2156,Grat,TashasSportsBra
1,2147,Forsythe,Super Vlad
2,2147,Zhaotiantong,Mini Nini
1,2146,Lin,Red-One
2,2146,Mira,Avalon
1,2145,Caulder,Rush_FTK
2,2145,Tabitha,zhaotiantong
1,2141,Caulder,Rush_FTK
2,2141,Grat,Abreu
1,2138,Forsythe,zhaotiantong
2,2138,Forsythe,The Philanthropist
1,2133,Will,Red-One
2,2133,Caulder,Rush_FTK
1,2132,Isabella,quentin
2,2132,Isabella,kaiser13
1,2131,Grat,Avalon
2,2131,Grat,kuro95
1,2129,Isabella,FUULROD
2,2129,Brenner,quentin
1,2123,Penny,quentin
2,2123,Forsythe,Super Vlad
1,2116,Forsythe,Rush_FTK
2,2116,Tabitha,ePiiC PaNiiC
1,2113,Forsythe,ePiiC PaNiiC
2,2113,Forsythe,The Philanthropist
1,2112,Caulder,Avalon
2,2112,Lin,kaiser13
1,2111,Grat,DaddyGrimm
2,2111,Forsythe,Super Vlad
1,2108,Will,Red-One
2,2108,Caulder,Rush_FTK
1,2106,Grat,Avalon
2,2106,Grat,kuro95
1,2101,Greyfield,Fabricati
2,2101,Lin,kaiser13
1,2084,Tabitha,不是icy
2,2084,Isabella,zhaotiantong
1,2071,Tabitha,不是icy
2,2071,Tabitha,ePiiC PaNiiC
1,2062,Gage,sarastro
2,2062,Grat,su. 
1,2051,Will,Red-One
2,2051,Hawk,Plague
1,2047,Tasha,kuro95
2,2047,Hawk,The Philanthropist
1,2045,Grat,kuro95
2,2045,Hawk,Avalon
1,2039,Gage,Red-One
2,2039,Caulder,zhaotiantong
1,2033,Forsythe,zhaotiantong
2,2033,Will,Plague
